price,stock,orders,rating,label
378.12,1,64,3.0,RESTOCK
492.88,4,148,4.7,RESTOCK
320.09,112,193,4.3,BEST_SELLER
106.88,2,147,2.7,RESTOCK
126.76,104,109,4.3,BEST_SELLER
253.83,5,1,2.4,UNDERPERFORMING
391.39,40,129,4.8,BEST_SELLER
335.36,62,4,4.0,UNDERPERFORMING
300.38,30,4,4.7,UNDERPERFORMING
260.3,6,142,4.9,RESTOCK
78.23,56,9,3.1,UNDERPERFORMING
345.93,80,5,2.6,UNDERPERFORMING
217.05,11,6,4.5,UNDERPERFORMING
58.58,91,2,2.1,UNDERPERFORMING
179.9,3,124,4.5,RESTOCK
171.38,4,125,4.5,RESTOCK
100.0,7,51,4.4,RESTOCK
275.91,0,97,3.5,RESTOCK
28.48,48,97,4.9,BEST_SELLER
373.88,92,176,4.5,BEST_SELLER
190.13,90,100,4.5,BEST_SELLER
117.18,72,186,4.2,BEST_SELLER
49.74,59,158,5.0,BEST_SELLER
145.98,7,124,3.9,RESTOCK
213.06,104,133,4.0,BEST_SELLER
226.07,48,93,4.7,BEST_SELLER
236.61,61,122,4.6,BEST_SELLER
229.82,7,1,1.8,UNDERPERFORMING
349.58,42,15,2.9,NORMAL
463.75,8,142,3.2,RESTOCK
464.2,72,2,1.2,UNDERPERFORMING
497.44,6,134,4.7,RESTOCK
281.0,76,7,4.3,UNDERPERFORMING
91.4,12,7,3.0,UNDERPERFORMING
210.55,116,183,4.5,BEST_SELLER
89.32,8,147,3.5,RESTOCK
53.52,81,126,4.1,BEST_SELLER
21.24,42,2,1.8,UNDERPERFORMING
404.38,81,17,1.5,NORMAL
430.54,0,6,2.5,UNDERPERFORMING
389.01,67,140,4.2,BEST_SELLER
141.44,21,16,1.8,NORMAL
183.6,1,51,3.4,RESTOCK
170.51,24,1,2.8,UNDERPERFORMING
131.28,3,105,3.0,RESTOCK
63.65,105,2,2.1,UNDERPERFORMING
414.37,48,6,3.9,UNDERPERFORMING
164.62,110,6,4.8,UNDERPERFORMING
257.25,103,93,4.1,BEST_SELLER
363.1,100,8,3.5,UNDERPERFORMING
436.69,25,6,1.5,UNDERPERFORMING
280.76,95,150,4.2,BEST_SELLER
111.88,5,94,4.3,RESTOCK
492.38,59,27,1.3,NORMAL
388.06,46,37,1.1,NORMAL
32.33,4,72,4.6,RESTOCK
208.48,91,188,4.4,BEST_SELLER
172.6,87,4,4.5,UNDERPERFORMING
225.88,70,128,4.7,BEST_SELLER
468.65,7,53,2.3,RESTOCK
342.58,70,122,4.9,BEST_SELLER
12.85,58,114,4.7,BEST_SELLER
57.44,91,2,4.4,UNDERPERFORMING
237.22,23,6,1.5,UNDERPERFORMING
63.16,2,38,4.5,RESTOCK
363.39,63,8,1.3,UNDERPERFORMING
264.09,64,74,4.5,NORMAL
245.34,110,198,4.4,BEST_SELLER
181.62,42,95,4.1,BEST_SELLER
95.99,108,1,1.2,UNDERPERFORMING
19.03,37,62,4.7,NORMAL
81.44,2,54,2.9,RESTOCK
455.35,109,7,1.2,UNDERPERFORMING
366.06,110,7,3.7,UNDERPERFORMING
145.13,55,83,4.2,BEST_SELLER
53.71,58,183,4.0,BEST_SELLER
323.37,114,6,2.1,UNDERPERFORMING
239.18,98,101,4.9,BEST_SELLER
465.97,36,1,5.0,UNDERPERFORMING
320.95,72,46,4.4,NORMAL
352.19,7,144,3.8,RESTOCK
438.27,111,1,4.1,UNDERPERFORMING
433.97,2,119,4.7,RESTOCK
117.79,1,121,3.7,RESTOCK
147.01,3,60,2.8,RESTOCK
179.09,29,59,4.2,NORMAL
229.12,115,16,3.9,NORMAL
73.47,109,172,4.9,BEST_SELLER
165.58,64,7,4.8,UNDERPERFORMING
392.54,1,56,4.8,RESTOCK
79.91,53,152,4.9,BEST_SELLER
456.66,2,94,3.9,RESTOCK
219.33,65,4,2.0,UNDERPERFORMING
207.29,4,82,3.9,RESTOCK
395.63,82,29,3.8,NORMAL
328.02,103,1,2.2,UNDERPERFORMING
262.78,30,34,4.3,NORMAL
397.55,17,53,2.2,NORMAL
151.11,115,91,4.1,BEST_SELLER
478.15,116,9,4.0,UNDERPERFORMING
233.6,2,109,3.7,RESTOCK
212.91,43,176,4.3,BEST_SELLER
328.6,12,3,3.6,UNDERPERFORMING
379.68,69,76,4.6,NORMAL
497.53,99,0,2.5,UNDERPERFORMING
265.75,3,107,4.6,RESTOCK
317.49,64,6,3.6,UNDERPERFORMING
273.56,36,63,2.7,NORMAL
453.37,9,90,4.3,RESTOCK
295.82,22,6,2.7,UNDERPERFORMING
170.11,4,70,2.4,RESTOCK
390.78,52,30,4.2,NORMAL
348.79,58,35,1.6,NORMAL
80.56,40,188,4.1,BEST_SELLER
455.49,107,22,2.6,NORMAL
361.63,90,51,3.0,NORMAL
340.47,9,127,2.7,RESTOCK
230.65,76,164,4.7,BEST_SELLER
364.73,47,150,4.9,BEST_SELLER
81.21,0,81,3.9,RESTOCK
127.73,81,9,4.2,UNDERPERFORMING
162.24,105,15,1.6,NORMAL
428.92,8,40,4.3,RESTOCK
471.97,6,46,4.4,RESTOCK
209.97,113,132,4.0,BEST_SELLER
17.08,20,151,4.2,BEST_SELLER
112.36,15,192,4.2,BEST_SELLER
124.96,47,172,4.9,BEST_SELLER
238.01,55,96,4.9,BEST_SELLER
105.33,71,58,3.2,NORMAL
67.65,84,7,3.0,UNDERPERFORMING
30.62,34,4,4.5,UNDERPERFORMING
69.4,67,163,4.5,BEST_SELLER
294.87,20,7,2.5,UNDERPERFORMING
283.68,70,59,4.0,NORMAL
422.44,9,147,4.2,RESTOCK
486.81,45,67,4.4,NORMAL
485.25,1,138,4.9,RESTOCK
148.47,3,96,3.9,RESTOCK
155.38,7,135,2.1,RESTOCK
296.81,48,71,2.3,NORMAL
382.41,91,109,4.1,BEST_SELLER
444.27,18,0,4.0,UNDERPERFORMING
230.4,37,8,2.9,UNDERPERFORMING
197.09,38,49,1.4,NORMAL
479.89,84,7,3.6,UNDERPERFORMING
321.26,67,92,4.2,BEST_SELLER
151.65,14,34,4.2,NORMAL
116.22,4,131,3.2,RESTOCK
314.26,113,5,3.4,UNDERPERFORMING
479.74,76,60,5.0,NORMAL
306.02,14,78,3.0,NORMAL
382.23,53,6,2.1,UNDERPERFORMING
22.38,0,50,3.9,RESTOCK
394.96,6,76,4.9,RESTOCK
42.02,90,17,3.8,NORMAL
355.93,92,9,1.4,UNDERPERFORMING
444.08,54,37,5.0,NORMAL
81.37,1,142,2.5,RESTOCK
80.52,14,46,2.9,NORMAL
305.12,6,142,3.0,RESTOCK
90.6,73,3,2.2,UNDERPERFORMING
313.42,67,4,2.5,UNDERPERFORMING
427.72,3,69,3.6,RESTOCK
49.64,24,40,2.4,NORMAL
381.75,30,100,4.6,BEST_SELLER
74.2,70,86,4.4,BEST_SELLER
134.05,4,49,2.7,RESTOCK
28.45,5,65,2.4,RESTOCK
222.39,5,107,3.8,RESTOCK
180.32,118,106,4.4,BEST_SELLER
197.56,95,120,4.5,BEST_SELLER
94.28,81,60,2.4,NORMAL
93.07,53,6,1.1,UNDERPERFORMING
36.35,1,54,3.7,RESTOCK
425.15,1,49,3.8,RESTOCK
342.25,54,150,4.7,BEST_SELLER
91.02,12,14,1.3,NORMAL
226.33,97,49,2.6,NORMAL
241.58,9,81,2.2,RESTOCK
437.25,24,6,1.2,UNDERPERFORMING
55.09,12,2,3.1,UNDERPERFORMING
303.19,62,8,1.4,UNDERPERFORMING
346.8,63,0,4.8,UNDERPERFORMING
335.59,1,46,2.8,RESTOCK
88.13,30,7,4.1,UNDERPERFORMING
128.59,99,1,4.4,UNDERPERFORMING
41.66,0,46,4.5,RESTOCK
415.18,20,19,4.6,NORMAL
217.0,95,153,4.9,BEST_SELLER
51.14,49,15,1.7,NORMAL
57.1,79,57,1.1,NORMAL
402.98,19,17,2.2,NORMAL
84.73,42,83,4.9,BEST_SELLER
71.67,6,133,3.0,RESTOCK
345.68,111,96,4.6,BEST_SELLER
167.4,35,67,1.3,NORMAL
468.13,79,54,2.9,NORMAL
120.11,94,6,2.4,UNDERPERFORMING
150.05,44,77,2.6,NORMAL
377.98,86,19,4.7,NORMAL
193.22,33,4,4.3,UNDERPERFORMING
124.64,5,104,4.8,RESTOCK
152.32,67,195,5.0,BEST_SELLER
273.09,41,177,4.9,BEST_SELLER
412.0,7,108,4.3,RESTOCK
238.71,94,8,4.0,UNDERPERFORMING
20.38,4,77,2.6,RESTOCK
401.89,99,76,2.9,NORMAL
125.12,59,36,2.4,NORMAL
54.26,86,6,1.3,UNDERPERFORMING
204.29,48,20,3.1,NORMAL
96.76,4,86,2.9,RESTOCK
313.23,57,46,3.8,NORMAL
205.06,53,48,2.8,NORMAL
441.63,48,7,4.5,UNDERPERFORMING
38.35,102,9,1.5,UNDERPERFORMING
215.43,5,8,2.1,UNDERPERFORMING
136.88,108,189,4.5,BEST_SELLER
481.2,32,60,5.0,NORMAL
335.88,47,49,4.5,NORMAL
82.36,85,1,5.0,UNDERPERFORMING
18.13,3,119,4.6,RESTOCK
75.11,2,49,4.1,RESTOCK
54.64,0,124,4.8,RESTOCK
116.76,49,56,2.3,NORMAL
11.56,112,82,5.0,BEST_SELLER
466.79,2,147,2.2,RESTOCK
449.63,114,49,4.7,NORMAL
133.68,36,194,4.3,BEST_SELLER
386.19,4,0,3.6,UNDERPERFORMING
361.51,22,6,4.2,UNDERPERFORMING
293.31,7,149,5.0,RESTOCK
5.96,27,77,1.1,NORMAL
473.12,8,76,4.3,RESTOCK
229.54,89,5,4.7,UNDERPERFORMING
280.16,89,2,2.3,UNDERPERFORMING
438.75,58,1,2.3,UNDERPERFORMING
35.96,64,151,4.2,BEST_SELLER
382.16,119,19,2.2,NORMAL
360.36,100,171,4.3,BEST_SELLER
489.91,69,40,1.3,NORMAL
351.08,93,121,4.5,BEST_SELLER
24.08,9,111,3.7,RESTOCK
125.45,104,125,4.4,BEST_SELLER
375.67,7,126,3.5,RESTOCK
357.3,17,8,1.7,UNDERPERFORMING
228.21,35,24,3.1,NORMAL
94.45,91,3,2.1,UNDERPERFORMING
332.71,42,54,4.8,NORMAL
207.94,2,57,4.4,RESTOCK
292.22,0,123,3.9,RESTOCK
156.78,83,198,4.7,BEST_SELLER
86.31,11,19,4.8,NORMAL
147.49,4,45,2.7,RESTOCK
315.19,1,69,3.9,RESTOCK
465.14,5,33,4.8,RESTOCK
43.08,85,121,4.7,BEST_SELLER
375.02,90,97,5.0,BEST_SELLER
141.72,3,145,2.8,RESTOCK
344.94,66,74,2.2,NORMAL
69.91,40,152,4.1,BEST_SELLER
167.98,2,84,3.7,RESTOCK
415.65,9,33,2.7,RESTOCK
24.26,36,52,1.4,NORMAL
80.98,10,5,2.1,UNDERPERFORMING
133.57,63,1,1.5,UNDERPERFORMING
383.86,68,46,4.5,NORMAL
158.6,40,116,4.6,BEST_SELLER
370.63,61,178,4.0,BEST_SELLER
252.66,47,64,2.1,NORMAL
219.0,84,17,1.6,NORMAL
384.6,85,8,2.2,UNDERPERFORMING
105.19,82,5,2.9,UNDERPERFORMING
221.31,62,3,2.0,UNDERPERFORMING
263.17,57,160,4.8,BEST_SELLER
356.41,72,59,4.3,NORMAL
260.65,1,42,4.2,RESTOCK
73.63,2,64,4.0,RESTOCK
136.08,9,103,2.6,RESTOCK
300.23,23,32,2.3,NORMAL
194.66,99,112,4.3,BEST_SELLER
282.91,42,158,4.9,BEST_SELLER
128.74,38,146,4.1,BEST_SELLER
18.97,107,57,2.4,NORMAL
354.37,5,66,4.7,RESTOCK
246.06,11,78,4.0,NORMAL
160.72,3,7,4.1,UNDERPERFORMING
480.82,54,58,4.3,NORMAL
17.39,28,2,2.9,UNDERPERFORMING
415.46,76,5,2.0,UNDERPERFORMING
210.76,118,27,3.2,NORMAL
360.5,13,50,3.0,NORMAL
132.29,111,5,2.3,UNDERPERFORMING
101.34,42,0,2.8,UNDERPERFORMING
226.87,55,2,2.6,UNDERPERFORMING
36.67,31,62,1.4,NORMAL
321.18,13,27,1.1,NORMAL
487.83,21,4,3.6,UNDERPERFORMING
465.17,78,9,2.3,UNDERPERFORMING
45.17,7,32,3.4,RESTOCK
199.06,55,70,2.7,NORMAL
62.02,42,5,3.9,UNDERPERFORMING
211.27,97,118,4.1,BEST_SELLER
111.51,4,100,2.6,RESTOCK
464.11,1,102,4.0,RESTOCK
6.34,84,2,3.2,UNDERPERFORMING
433.81,63,75,3.2,NORMAL
236.04,16,80,5.0,NORMAL
85.88,6,110,3.1,RESTOCK
186.54,103,37,3.4,NORMAL
94.85,6,5,3.8,UNDERPERFORMING
99.78,39,85,4.6,BEST_SELLER
81.38,72,76,4.0,NORMAL
377.2,57,95,4.9,BEST_SELLER
379.28,45,9,1.6,UNDERPERFORMING
217.76,95,156,4.3,BEST_SELLER
432.15,31,2,4.5,UNDERPERFORMING
379.54,90,124,4.7,BEST_SELLER
441.68,3,106,3.6,RESTOCK
189.18,34,15,1.9,NORMAL
227.06,82,68,4.4,NORMAL
73.52,47,162,4.3,BEST_SELLER
26.87,2,78,3.0,RESTOCK
192.67,80,6,4.9,UNDERPERFORMING
425.62,3,149,2.7,RESTOCK
157.83,58,142,4.7,BEST_SELLER
321.99,33,48,1.5,NORMAL
98.54,12,70,3.0,NORMAL
159.49,28,167,4.6,BEST_SELLER
315.25,102,3,3.7,UNDERPERFORMING
298.51,2,58,3.9,RESTOCK
153.46,24,18,3.2,NORMAL
230.94,6,59,3.9,RESTOCK
38.1,106,181,4.1,BEST_SELLER
107.78,109,5,4.5,UNDERPERFORMING
339.94,76,85,4.5,BEST_SELLER
47.56,3,51,2.5,RESTOCK
43.08,38,147,4.8,BEST_SELLER
405.92,77,58,2.1,NORMAL
265.94,110,85,4.0,BEST_SELLER
24.46,73,80,4.4,NORMAL
207.8,78,1,3.9,UNDERPERFORMING
417.1,5,51,3.3,RESTOCK
341.37,0,56,2.3,RESTOCK
257.17,89,197,4.6,BEST_SELLER
309.44,11,73,3.4,NORMAL
225.24,9,96,2.4,RESTOCK
185.77,41,6,3.4,UNDERPERFORMING
120.2,38,8,1.6,UNDERPERFORMING
300.46,53,196,4.3,BEST_SELLER
70.53,100,168,4.2,BEST_SELLER
496.8,4,145,2.1,RESTOCK
164.05,31,162,4.2,BEST_SELLER
303.87,76,185,4.3,BEST_SELLER
207.97,4,88,4.6,RESTOCK
157.09,99,166,4.9,BEST_SELLER
280.72,6,66,2.5,RESTOCK
369.5,15,2,2.8,UNDERPERFORMING
75.88,37,27,1.8,NORMAL
308.05,0,35,2.5,RESTOCK
226.88,4,128,2.7,RESTOCK
92.66,37,190,4.4,BEST_SELLER
428.31,11,21,3.0,NORMAL
19.0,57,5,2.1,UNDERPERFORMING
110.27,110,74,4.6,NORMAL
162.44,29,34,3.3,NORMAL
352.89,86,114,4.8,BEST_SELLER
283.69,5,4,3.6,UNDERPERFORMING
118.03,70,9,3.3,UNDERPERFORMING
244.04,72,69,2.2,NORMAL
373.28,9,94,3.4,RESTOCK
46.36,38,3,2.0,UNDERPERFORMING
259.99,7,72,3.3,RESTOCK
64.45,3,39,5.0,RESTOCK
118.45,24,117,4.4,BEST_SELLER
411.95,18,25,4.2,NORMAL
327.72,86,57,2.9,NORMAL
35.35,54,5,1.5,UNDERPERFORMING
79.27,8,55,4.0,RESTOCK
198.29,10,47,1.1,NORMAL
51.85,3,50,4.2,RESTOCK
49.84,4,57,3.3,RESTOCK
97.41,2,9,2.2,UNDERPERFORMING
135.42,5,73,3.0,RESTOCK
147.47,80,6,1.2,UNDERPERFORMING
396.0,45,0,2.0,UNDERPERFORMING
117.22,109,5,1.9,UNDERPERFORMING
214.26,108,93,4.8,BEST_SELLER
307.82,71,79,3.6,NORMAL
438.82,93,31,1.8,NORMAL
112.05,18,8,3.6,UNDERPERFORMING
418.39,8,56,2.0,RESTOCK
67.89,63,141,4.4,BEST_SELLER
399.05,2,139,4.4,RESTOCK
442.35,7,66,4.3,RESTOCK
249.37,2,146,3.1,RESTOCK
444.57,85,7,1.8,UNDERPERFORMING
200.27,5,118,2.8,RESTOCK
16.76,106,0,4.4,UNDERPERFORMING
398.79,106,4,3.0,UNDERPERFORMING
337.86,110,55,1.8,NORMAL
492.17,3,72,3.9,RESTOCK
353.68,104,1,3.1,UNDERPERFORMING
480.31,68,19,2.4,NORMAL
74.47,23,111,4.2,BEST_SELLER
145.32,19,5,1.7,UNDERPERFORMING
373.66,0,128,4.2,RESTOCK
278.57,85,40,4.3,NORMAL
108.67,44,5,1.9,UNDERPERFORMING
105.05,34,7,5.0,UNDERPERFORMING
306.36,92,2,1.9,UNDERPERFORMING
455.61,7,55,3.6,RESTOCK
152.03,70,118,4.2,BEST_SELLER
14.18,85,105,4.5,BEST_SELLER
295.14,71,174,4.6,BEST_SELLER
136.21,46,36,3.9,NORMAL
251.7,42,51,1.0,NORMAL
374.8,67,136,4.2,BEST_SELLER
325.32,76,39,1.7,NORMAL
380.39,115,80,4.0,NORMAL
438.17,20,6,2.1,UNDERPERFORMING
163.94,2,53,2.3,RESTOCK
401.35,119,37,2.9,NORMAL
180.97,105,137,5.0,BEST_SELLER
369.18,77,100,4.3,BEST_SELLER
437.13,66,6,1.4,UNDERPERFORMING
407.09,67,7,2.9,UNDERPERFORMING
223.86,47,60,4.4,NORMAL
227.52,0,107,2.6,RESTOCK
401.04,63,78,3.8,NORMAL
289.12,16,21,2.8,NORMAL
235.28,29,2,4.3,UNDERPERFORMING
341.33,53,27,2.7,NORMAL
191.48,37,8,1.6,UNDERPERFORMING
300.0,62,83,5.0,BEST_SELLER
193.22,107,168,4.9,BEST_SELLER
99.07,66,8,2.0,UNDERPERFORMING
223.3,15,51,1.9,NORMAL
160.6,1,78,2.8,RESTOCK
375.3,12,0,3.4,UNDERPERFORMING
292.82,103,165,4.7,BEST_SELLER
329.14,100,169,4.5,BEST_SELLER
17.71,108,119,4.2,BEST_SELLER
406.43,5,88,3.7,RESTOCK
397.03,30,187,4.8,BEST_SELLER
263.35,1,68,3.7,RESTOCK
171.51,82,1,1.0,UNDERPERFORMING
140.55,112,34,1.4,NORMAL
189.82,110,9,3.0,UNDERPERFORMING
332.13,114,4,4.0,UNDERPERFORMING
248.35,67,8,4.6,UNDERPERFORMING
234.09,24,8,3.7,UNDERPERFORMING
347.46,101,6,4.0,UNDERPERFORMING
386.35,40,9,3.0,UNDERPERFORMING
226.99,38,0,4.9,UNDERPERFORMING
119.55,107,88,4.5,BEST_SELLER
197.6,8,56,3.7,RESTOCK
62.37,3,136,3.5,RESTOCK
268.06,97,51,3.0,NORMAL
151.05,88,66,3.2,NORMAL
402.36,6,137,2.0,RESTOCK
24.56,8,7,1.2,UNDERPERFORMING
409.1,35,60,4.0,NORMAL
408.8,64,7,4.5,UNDERPERFORMING
203.03,105,19,1.8,NORMAL
402.34,68,1,3.4,UNDERPERFORMING
127.3,57,71,2.2,NORMAL
437.07,4,53,2.7,RESTOCK
487.34,2,40,4.0,RESTOCK
201.29,109,3,2.0,UNDERPERFORMING
480.51,0,116,4.8,RESTOCK
69.62,102,190,4.3,BEST_SELLER
313.81,92,97,4.5,BEST_SELLER
376.61,22,186,4.8,BEST_SELLER
365.3,74,74,3.1,NORMAL
176.09,26,158,4.9,BEST_SELLER
380.97,59,95,4.9,BEST_SELLER
310.74,77,6,4.9,UNDERPERFORMING
60.67,87,137,4.2,BEST_SELLER
479.47,4,115,3.9,RESTOCK
119.44,74,120,4.2,BEST_SELLER
142.69,106,13,4.0,NORMAL
113.85,51,67,2.8,NORMAL
109.16,41,190,4.5,BEST_SELLER
447.4,110,4,2.3,UNDERPERFORMING
472.25,14,4,4.6,UNDERPERFORMING
483.96,69,8,1.6,UNDERPERFORMING
155.93,54,46,3.2,NORMAL
485.05,109,1,3.4,UNDERPERFORMING
259.22,94,81,5.0,BEST_SELLER
488.18,5,78,4.1,RESTOCK
21.31,40,109,4.2,BEST_SELLER
411.51,9,80,3.0,RESTOCK
163.91,80,118,4.6,BEST_SELLER
394.46,88,14,4.4,NORMAL
188.91,2,53,2.6,RESTOCK
30.15,101,153,4.8,BEST_SELLER
51.54,95,9,4.0,UNDERPERFORMING
283.16,118,33,2.3,NORMAL
41.66,7,84,3.2,RESTOCK
312.94,99,104,4.9,BEST_SELLER
96.31,93,16,2.4,NORMAL
238.92,23,78,3.2,NORMAL
399.06,104,164,4.6,BEST_SELLER
391.51,1,142,4.2,RESTOCK
124.95,51,159,4.8,BEST_SELLER
91.01,32,111,4.0,BEST_SELLER
331.93,95,40,1.9,NORMAL
240.67,8,142,2.2,RESTOCK
247.17,22,136,4.4,BEST_SELLER
148.7,18,41,3.7,NORMAL
88.81,117,103,4.5,BEST_SELLER
89.31,83,0,3.9,UNDERPERFORMING
146.01,36,35,2.3,NORMAL
267.52,21,36,3.7,NORMAL
75.96,90,67,3.8,NORMAL
62.47,108,12,2.3,NORMAL
221.82,61,43,3.3,NORMAL
373.88,3,46,2.6,RESTOCK
143.42,4,34,3.8,RESTOCK
185.65,67,125,4.9,BEST_SELLER
430.48,6,76,4.6,RESTOCK
36.24,1,146,2.9,RESTOCK
59.01,34,194,4.5,BEST_SELLER
98.62,24,146,4.1,BEST_SELLER
438.04,20,9,4.4,UNDERPERFORMING
251.03,118,0,1.9,UNDERPERFORMING
290.59,84,132,4.6,BEST_SELLER
105.97,75,88,4.5,BEST_SELLER
51.5,84,199,4.7,BEST_SELLER
368.07,7,34,3.7,RESTOCK
499.71,19,61,1.2,NORMAL
157.29,7,56,4.1,RESTOCK
8.51,75,52,2.1,NORMAL
75.95,79,77,1.6,NORMAL
418.75,85,0,4.0,UNDERPERFORMING
328.28,69,56,4.1,NORMAL
84.98,36,53,2.1,NORMAL
328.08,0,149,5.0,RESTOCK
80.0,83,130,4.5,BEST_SELLER
189.66,8,98,2.8,RESTOCK
211.89,44,139,4.5,BEST_SELLER
464.62,5,5,3.1,UNDERPERFORMING
374.82,41,1,4.2,UNDERPERFORMING
201.77,7,100,2.4,RESTOCK
334.28,110,6,2.1,UNDERPERFORMING
461.76,99,75,3.6,NORMAL
47.75,105,72,4.7,NORMAL
71.84,0,143,3.2,RESTOCK
88.77,73,83,4.5,BEST_SELLER
98.41,5,132,3.3,RESTOCK
464.97,59,0,5.0,UNDERPERFORMING
457.09,59,0,2.6,UNDERPERFORMING
236.82,9,145,3.4,RESTOCK
86.61,44,117,4.8,BEST_SELLER
47.35,97,32,1.0,NORMAL
451.56,42,8,4.8,UNDERPERFORMING
155.35,115,86,4.1,BEST_SELLER
72.65,19,3,4.6,UNDERPERFORMING
428.46,8,77,3.6,RESTOCK
217.83,9,82,2.8,RESTOCK
15.47,9,68,2.5,RESTOCK
291.41,1,47,4.9,RESTOCK
300.95,103,178,4.1,BEST_SELLER
43.74,98,63,4.8,NORMAL
323.19,96,9,2.0,UNDERPERFORMING
450.64,111,7,1.3,UNDERPERFORMING
444.59,8,127,3.0,RESTOCK
47.06,64,69,4.7,NORMAL
495.55,34,1,4.2,UNDERPERFORMING
107.64,44,49,3.1,NORMAL
20.91,113,3,4.5,UNDERPERFORMING
116.54,90,87,4.6,BEST_SELLER
374.11,8,0,4.1,UNDERPERFORMING
383.51,2,121,3.4,RESTOCK
306.84,90,174,4.1,BEST_SELLER
332.78,44,156,4.8,BEST_SELLER
306.41,18,172,4.2,BEST_SELLER
428.7,68,53,1.5,NORMAL
408.79,102,3,4.1,UNDERPERFORMING
194.58,66,43,2.0,NORMAL
344.67,61,81,4.5,BEST_SELLER
275.17,0,121,3.4,RESTOCK
168.49,58,177,4.2,BEST_SELLER
242.64,117,80,1.5,NORMAL
307.21,25,3,2.2,UNDERPERFORMING
455.35,1,66,3.7,RESTOCK
173.17,3,39,3.4,RESTOCK
438.05,21,1,4.3,UNDERPERFORMING
397.25,49,44,3.8,NORMAL
53.15,89,154,4.2,BEST_SELLER
119.74,111,115,4.7,BEST_SELLER
293.21,90,135,4.7,BEST_SELLER
171.74,2,103,4.0,RESTOCK
201.38,61,192,4.6,BEST_SELLER
125.78,98,193,4.9,BEST_SELLER
313.48,113,183,4.3,BEST_SELLER
154.66,47,179,4.8,BEST_SELLER
414.96,107,7,3.3,UNDERPERFORMING
347.53,92,168,4.8,BEST_SELLER
373.18,103,95,4.1,BEST_SELLER
379.47,25,4,2.9,UNDERPERFORMING
476.2,5,32,4.3,RESTOCK
61.11,60,95,4.9,BEST_SELLER
335.08,94,4,2.3,UNDERPERFORMING
90.65,55,9,1.3,UNDERPERFORMING
18.89,30,195,4.5,BEST_SELLER
315.27,15,40,3.0,NORMAL
249.69,4,79,3.7,RESTOCK
269.52,80,29,1.1,NORMAL
411.83,16,3,3.2,UNDERPERFORMING
468.77,27,6,3.8,UNDERPERFORMING
136.03,9,139,2.4,RESTOCK
47.92,9,57,3.3,RESTOCK
82.1,7,94,4.7,RESTOCK
161.19,68,19,3.8,NORMAL
26.98,62,80,4.5,NORMAL
93.18,62,17,4.1,NORMAL
357.41,38,187,4.5,BEST_SELLER
134.02,118,141,4.9,BEST_SELLER
466.8,3,55,3.6,RESTOCK
50.94,17,128,4.9,BEST_SELLER
14.86,18,175,4.5,BEST_SELLER
247.46,4,106,3.0,RESTOCK
251.48,6,107,4.6,RESTOCK
407.89,47,7,2.8,UNDERPERFORMING
16.02,9,102,4.3,RESTOCK
163.1,49,90,4.8,BEST_SELLER
296.61,18,105,4.7,BEST_SELLER
67.8,23,1,4.9,UNDERPERFORMING
103.0,90,7,1.4,UNDERPERFORMING
388.23,26,198,4.3,BEST_SELLER
201.05,57,0,1.4,UNDERPERFORMING
119.68,40,159,4.7,BEST_SELLER
208.86,6,78,4.8,RESTOCK
337.63,29,60,4.9,NORMAL
482.47,15,4,1.2,UNDERPERFORMING
231.9,2,0,3.2,UNDERPERFORMING
423.62,7,92,4.5,RESTOCK
179.17,65,136,4.2,BEST_SELLER
263.55,80,91,4.9,BEST_SELLER
274.88,19,6,3.8,UNDERPERFORMING
333.48,41,175,4.2,BEST_SELLER
71.32,69,46,1.2,NORMAL
137.72,60,126,4.7,BEST_SELLER
49.08,1,78,4.2,RESTOCK
288.06,5,49,4.2,RESTOCK
122.0,5,36,2.5,RESTOCK
224.17,35,132,4.6,BEST_SELLER
208.19,43,139,4.3,BEST_SELLER
339.86,93,154,4.5,BEST_SELLER
439.68,5,75,2.3,RESTOCK
98.8,60,1,3.2,UNDERPERFORMING
60.32,60,99,4.6,BEST_SELLER
30.27,57,191,4.1,BEST_SELLER
147.59,0,7,1.3,UNDERPERFORMING
278.37,77,2,4.3,UNDERPERFORMING
160.18,87,157,4.3,BEST_SELLER
378.99,5,61,4.5,RESTOCK
487.61,34,28,3.9,NORMAL
376.9,79,42,2.4,NORMAL
204.62,89,0,2.1,UNDERPERFORMING
316.64,77,76,4.2,NORMAL
203.25,107,94,4.3,BEST_SELLER
86.71,26,80,2.3,NORMAL
440.09,26,33,3.7,NORMAL
77.7,0,133,4.5,RESTOCK
228.98,41,175,4.8,BEST_SELLER
287.4,52,10,3.6,NORMAL
33.51,48,9,3.3,UNDERPERFORMING
381.67,76,89,4.1,BEST_SELLER
76.8,28,148,4.6,BEST_SELLER
153.21,75,13,1.1,NORMAL
189.99,3,108,2.3,RESTOCK
178.22,72,173,4.8,BEST_SELLER
312.36,96,39,2.9,NORMAL
319.59,107,3,4.7,UNDERPERFORMING
323.61,17,166,4.7,BEST_SELLER
102.33,38,110,4.6,BEST_SELLER
187.33,104,5,2.2,UNDERPERFORMING
385.14,53,189,4.7,BEST_SELLER
339.63,69,3,3.6,UNDERPERFORMING
491.16,7,103,3.3,RESTOCK
428.54,8,53,3.8,RESTOCK
431.96,84,8,1.4,UNDERPERFORMING
168.65,101,29,4.2,NORMAL
463.84,25,3,3.3,UNDERPERFORMING
180.59,78,6,3.1,UNDERPERFORMING
173.45,15,195,4.6,BEST_SELLER
187.02,70,110,4.2,BEST_SELLER
346.87,35,16,1.8,NORMAL
245.21,45,130,4.4,BEST_SELLER
473.92,1,79,4.4,RESTOCK
267.57,2,101,2.1,RESTOCK
216.77,18,29,3.7,NORMAL
372.45,71,4,3.3,UNDERPERFORMING
31.03,6,143,3.2,RESTOCK
389.44,5,127,4.1,RESTOCK
299.62,23,9,2.0,UNDERPERFORMING
242.9,72,58,3.7,NORMAL
282.81,1,76,2.8,RESTOCK
290.03,107,35,3.4,NORMAL
363.04,44,5,2.5,UNDERPERFORMING
214.14,85,5,2.4,UNDERPERFORMING
100.7,50,124,4.4,BEST_SELLER
243.39,5,140,3.5,RESTOCK
225.41,10,6,4.4,UNDERPERFORMING
189.0,73,0,4.1,UNDERPERFORMING
39.77,103,14,4.7,NORMAL
155.73,108,92,4.7,BEST_SELLER
169.1,113,92,4.9,BEST_SELLER
173.98,78,8,4.4,UNDERPERFORMING
317.16,64,103,4.6,BEST_SELLER
169.1,71,97,4.6,BEST_SELLER
88.7,26,95,4.5,BEST_SELLER
434.09,29,34,4.7,NORMAL
443.0,2,109,2.3,RESTOCK
191.73,86,143,4.8,BEST_SELLER
396.06,101,46,2.3,NORMAL
111.54,39,119,4.3,BEST_SELLER
242.88,67,28,2.0,NORMAL
27.08,72,99,4.7,BEST_SELLER
188.14,1,80,2.4,RESTOCK
192.42,50,3,2.4,UNDERPERFORMING
13.61,112,103,4.0,BEST_SELLER
236.49,0,51,4.4,RESTOCK
271.78,4,128,2.3,RESTOCK
11.14,96,5,3.0,UNDERPERFORMING
215.05,77,10,4.7,NORMAL
311.36,5,121,2.4,RESTOCK
218.38,3,35,3.6,RESTOCK
253.74,6,4,2.0,UNDERPERFORMING
64.34,73,80,2.6,NORMAL
282.27,101,180,4.0,BEST_SELLER
215.42,6,127,3.5,RESTOCK
89.12,112,9,1.8,UNDERPERFORMING
105.14,110,13,1.6,NORMAL
34.13,40,5,4.3,UNDERPERFORMING
287.73,3,149,2.1,RESTOCK
285.11,94,127,4.6,BEST_SELLER
475.05,29,57,3.2,NORMAL
427.05,0,99,2.6,RESTOCK
351.21,48,44,4.7,NORMAL
36.78,9,7,2.5,UNDERPERFORMING
340.62,47,12,4.5,NORMAL
348.46,116,8,2.0,UNDERPERFORMING
449.91,30,61,1.5,NORMAL
148.27,22,196,4.9,BEST_SELLER
132.41,28,54,2.9,NORMAL
225.96,8,144,4.0,RESTOCK
382.89,47,77,1.6,NORMAL
307.06,3,83,4.8,RESTOCK
91.61,25,7,2.4,UNDERPERFORMING
29.54,112,121,4.8,BEST_SELLER
39.46,114,45,1.3,NORMAL
60.5,24,46,1.4,NORMAL
5.41,28,52,2.4,NORMAL
11.85,44,182,4.6,BEST_SELLER
40.42,22,76,4.7,NORMAL
73.31,5,125,2.8,RESTOCK
14.97,15,21,3.7,NORMAL
293.57,90,5,3.6,UNDERPERFORMING
103.04,45,182,4.1,BEST_SELLER
116.46,1,125,4.5,RESTOCK
464.48,103,39,1.0,NORMAL
39.71,88,5,2.9,UNDERPERFORMING
75.57,16,60,3.4,NORMAL
8.13,55,74,1.3,NORMAL
250.73,2,86,2.0,RESTOCK
204.43,0,130,4.0,RESTOCK
61.38,29,6,4.1,UNDERPERFORMING
62.4,25,124,4.1,BEST_SELLER
84.72,14,6,1.2,UNDERPERFORMING
257.47,107,121,4.4,BEST_SELLER
146.98,39,19,3.0,NORMAL
109.05,110,31,1.8,NORMAL
273.37,95,165,4.8,BEST_SELLER
316.06,103,83,4.1,BEST_SELLER
115.6,25,165,5.0,BEST_SELLER
20.46,20,59,2.7,NORMAL
223.33,6,80,3.6,RESTOCK
139.11,114,44,1.1,NORMAL
16.99,59,9,1.4,UNDERPERFORMING
22.37,27,80,4.1,NORMAL
182.5,16,116,4.9,BEST_SELLER
273.16,30,1,3.8,UNDERPERFORMING
90.12,8,136,3.4,RESTOCK
309.23,103,4,3.5,UNDERPERFORMING
267.05,1,136,4.3,RESTOCK
134.52,41,29,4.7,NORMAL
315.28,1,119,4.7,RESTOCK
392.47,21,2,1.7,UNDERPERFORMING
270.32,28,159,4.7,BEST_SELLER
220.98,8,123,2.1,RESTOCK
311.84,83,133,4.9,BEST_SELLER
125.88,4,139,4.8,RESTOCK
263.33,88,23,1.3,NORMAL
198.8,1,41,2.2,RESTOCK
113.92,58,76,1.0,NORMAL
210.87,110,111,4.9,BEST_SELLER
93.41,5,138,3.6,RESTOCK
439.77,51,32,3.3,NORMAL
231.66,117,4,3.1,UNDERPERFORMING
381.16,41,59,1.6,NORMAL
132.42,21,169,4.0,BEST_SELLER
398.4,2,130,2.9,RESTOCK
67.64,24,192,4.4,BEST_SELLER
11.01,50,5,3.0,UNDERPERFORMING
101.62,7,37,4.8,RESTOCK
422.91,57,8,2.7,UNDERPERFORMING
31.6,35,101,4.1,BEST_SELLER
84.97,59,51,1.5,NORMAL
396.23,83,97,4.5,BEST_SELLER
309.07,68,4,2.6,UNDERPERFORMING
494.6,48,1,4.3,UNDERPERFORMING
183.58,2,37,3.1,RESTOCK
197.15,105,162,4.2,BEST_SELLER
274.29,116,95,4.5,BEST_SELLER
466.31,64,6,4.9,UNDERPERFORMING
277.58,72,82,4.5,BEST_SELLER
192.68,62,111,4.1,BEST_SELLER
47.51,109,2,1.0,UNDERPERFORMING
217.44,84,103,5.0,BEST_SELLER
454.17,84,16,3.8,NORMAL
389.57,4,3,2.2,UNDERPERFORMING
317.38,3,72,4.0,RESTOCK
355.89,93,9,1.0,UNDERPERFORMING
148.21,3,61,3.8,RESTOCK
30.16,5,147,3.4,RESTOCK
433.39,41,37,2.6,NORMAL
143.66,73,102,4.7,BEST_SELLER
474.58,0,99,4.4,RESTOCK
264.45,79,118,4.8,BEST_SELLER
18.86,26,91,4.7,BEST_SELLER
160.35,1,63,2.4,RESTOCK
142.83,76,140,4.5,BEST_SELLER
430.19,111,1,4.7,UNDERPERFORMING
35.49,89,40,2.6,NORMAL
286.04,102,19,3.3,NORMAL
336.58,55,139,4.1,BEST_SELLER
48.78,47,9,1.8,UNDERPERFORMING
277.41,7,40,4.5,RESTOCK
332.6,89,182,4.4,BEST_SELLER
121.82,5,121,4.8,RESTOCK
153.26,77,26,3.5,NORMAL
453.07,52,46,2.4,NORMAL
251.34,5,92,3.5,RESTOCK
165.06,117,116,4.5,BEST_SELLER
59.28,75,37,3.0,NORMAL
88.72,2,56,2.3,RESTOCK
269.28,119,7,2.5,UNDERPERFORMING
484.88,1,118,3.1,RESTOCK
457.15,5,9,4.3,UNDERPERFORMING
70.62,51,185,4.3,BEST_SELLER
38.43,61,5,2.0,UNDERPERFORMING
29.1,110,108,4.6,BEST_SELLER
194.91,30,107,4.6,BEST_SELLER
331.91,60,116,4.5,BEST_SELLER
338.3,97,2,2.1,UNDERPERFORMING
108.99,102,9,1.4,UNDERPERFORMING
347.48,99,49,1.0,NORMAL
100.81,35,115,4.5,BEST_SELLER
172.16,97,85,4.5,BEST_SELLER
488.38,2,53,2.9,RESTOCK
340.94,66,158,4.8,BEST_SELLER
78.94,63,182,4.8,BEST_SELLER
239.6,0,148,2.3,RESTOCK
158.63,97,78,2.8,NORMAL
254.45,18,74,1.7,NORMAL
192.53,14,68,2.8,NORMAL
104.92,5,126,3.9,RESTOCK
98.73,5,65,4.9,RESTOCK
342.83,18,108,4.1,BEST_SELLER
187.89,46,29,3.9,NORMAL
480.04,44,52,3.6,NORMAL
15.44,33,108,4.1,BEST_SELLER
400.56,113,45,4.7,NORMAL
430.98,5,50,2.0,RESTOCK
139.93,5,44,4.9,RESTOCK
273.94,29,4,3.6,UNDERPERFORMING
217.86,92,72,2.0,NORMAL
447.05,2,48,4.6,RESTOCK
447.89,31,1,2.3,UNDERPERFORMING
21.92,80,7,4.2,UNDERPERFORMING
398.92,97,41,1.8,NORMAL
311.26,1,35,3.4,RESTOCK
133.88,101,90,4.0,BEST_SELLER
370.68,67,83,4.6,BEST_SELLER
299.5,37,151,4.7,BEST_SELLER
270.56,2,145,4.9,RESTOCK
412.44,0,78,5.0,RESTOCK
85.28,110,3,2.3,UNDERPERFORMING
311.12,59,118,4.7,BEST_SELLER
285.01,44,173,4.5,BEST_SELLER
476.38,76,53,2.5,NORMAL
342.87,104,55,3.6,NORMAL
217.25,93,159,4.3,BEST_SELLER
494.28,96,8,3.3,UNDERPERFORMING
108.59,29,8,1.8,UNDERPERFORMING
421.82,6,70,4.1,RESTOCK
133.21,17,172,4.7,BEST_SELLER
116.5,25,33,2.9,NORMAL
353.35,58,144,4.6,BEST_SELLER
325.74,103,14,4.3,NORMAL
102.75,45,8,4.3,UNDERPERFORMING
159.49,95,79,4.9,NORMAL
441.45,45,24,1.4,NORMAL
293.05,95,148,4.8,BEST_SELLER
172.65,17,26,1.8,NORMAL
341.62,4,52,4.0,RESTOCK
73.47,6,123,2.3,RESTOCK
188.46,102,24,1.4,NORMAL
47.59,61,188,4.5,BEST_SELLER
295.88,40,7,2.8,UNDERPERFORMING
288.9,82,51,1.7,NORMAL
132.66,0,113,5.0,RESTOCK
219.85,97,60,4.2,NORMAL
116.96,49,47,4.7,NORMAL
53.41,4,86,2.6,RESTOCK
250.27,42,35,3.2,NORMAL
214.71,0,141,3.5,RESTOCK
461.57,110,0,1.5,UNDERPERFORMING
309.76,87,182,4.5,BEST_SELLER
350.72,63,6,3.1,UNDERPERFORMING
98.29,4,71,2.3,RESTOCK
20.63,12,1,3.5,UNDERPERFORMING
108.15,6,120,2.4,RESTOCK
200.07,7,127,3.1,RESTOCK
213.01,2,1,2.4,UNDERPERFORMING
257.1,47,11,3.0,NORMAL
265.6,67,1,4.3,UNDERPERFORMING
410.81,6,93,5.0,RESTOCK
278.33,2,90,4.1,RESTOCK
107.46,1,81,2.5,RESTOCK
268.52,47,194,4.3,BEST_SELLER
22.83,76,45,2.1,NORMAL
471.54,62,32,2.0,NORMAL
337.57,9,145,3.1,RESTOCK
29.94,93,1,1.8,UNDERPERFORMING
256.02,56,102,4.3,BEST_SELLER
410.84,27,46,2.9,NORMAL
209.07,2,121,2.7,RESTOCK
322.34,57,151,4.8,BEST_SELLER
58.16,0,44,3.9,RESTOCK
348.3,6,111,4.0,RESTOCK
161.3,3,0,4.8,UNDERPERFORMING
372.74,7,59,4.5,RESTOCK
451.67,90,66,4.8,NORMAL
69.91,62,94,4.0,BEST_SELLER
266.13,106,3,4.9,UNDERPERFORMING
404.88,117,58,1.8,NORMAL
114.74,117,23,2.3,NORMAL
217.4,118,6,4.9,UNDERPERFORMING
216.94,4,106,4.6,RESTOCK
304.13,32,70,2.6,NORMAL
199.4,82,32,4.4,NORMAL
83.01,31,17,3.0,NORMAL
264.71,71,72,2.2,NORMAL
154.48,23,136,4.2,BEST_SELLER
72.92,9,108,3.3,RESTOCK
345.0,118,189,4.2,BEST_SELLER
426.24,2,131,2.7,RESTOCK
138.65,84,98,4.1,BEST_SELLER
314.95,35,9,1.6,UNDERPERFORMING
355.7,28,190,4.5,BEST_SELLER
444.74,0,141,2.3,RESTOCK
20.29,8,78,4.8,RESTOCK
475.5,59,8,2.1,UNDERPERFORMING
133.69,28,186,4.6,BEST_SELLER
147.72,41,23,1.1,NORMAL
433.74,0,101,3.1,RESTOCK
430.47,1,84,2.8,RESTOCK
109.55,46,19,2.5,NORMAL
41.49,14,64,4.2,NORMAL
322.91,7,113,4.9,RESTOCK
174.63,41,56,3.0,NORMAL
11.82,4,60,3.4,RESTOCK
485.71,9,61,3.5,RESTOCK
404.69,30,3,2.6,UNDERPERFORMING
222.32,107,62,4.5,NORMAL
475.25,39,2,3.8,UNDERPERFORMING
164.2,77,68,4.1,NORMAL
248.29,57,156,4.4,BEST_SELLER
370.89,43,2,3.7,UNDERPERFORMING
337.58,101,66,3.4,NORMAL
231.99,39,151,4.9,BEST_SELLER
244.32,55,47,2.3,NORMAL
163.24,31,190,4.3,BEST_SELLER
438.49,104,30,2.7,NORMAL
323.86,103,127,4.3,BEST_SELLER
199.07,7,59,4.3,RESTOCK
56.39,31,190,4.3,BEST_SELLER
220.89,11,3,3.1,UNDERPERFORMING
248.45,9,93,3.8,RESTOCK
289.16,118,58,1.2,NORMAL
442.88,83,22,1.4,NORMAL
166.45,52,2,2.6,UNDERPERFORMING
117.07,39,5,5.0,UNDERPERFORMING
324.9,71,199,4.3,BEST_SELLER
73.86,89,100,4.8,BEST_SELLER
131.32,45,7,3.6,UNDERPERFORMING
322.79,75,173,4.6,BEST_SELLER
268.55,93,6,2.9,UNDERPERFORMING
308.16,53,7,4.4,UNDERPERFORMING
454.76,5,125,3.4,RESTOCK
353.37,37,2,1.4,UNDERPERFORMING
228.09,98,117,4.0,BEST_SELLER
16.5,5,78,4.6,RESTOCK
333.15,45,1,4.7,UNDERPERFORMING
407.39,60,72,3.2,NORMAL
462.69,114,54,2.2,NORMAL
94.54,4,56,2.3,RESTOCK
410.95,56,28,4.0,NORMAL
358.07,93,170,5.0,BEST_SELLER
163.75,9,72,3.1,RESTOCK
486.04,4,114,3.4,RESTOCK
359.3,79,160,4.2,BEST_SELLER
170.38,66,2,2.8,UNDERPERFORMING
181.63,83,146,4.7,BEST_SELLER
426.67,55,27,3.2,NORMAL
118.9,17,9,3.8,UNDERPERFORMING
271.94,12,53,1.3,NORMAL
431.08,64,34,3.6,NORMAL
341.94,71,86,4.2,BEST_SELLER
160.51,49,1,2.1,UNDERPERFORMING
359.79,4,86,3.1,RESTOCK
84.37,24,6,4.2,UNDERPERFORMING
258.2,106,149,4.2,BEST_SELLER
211.44,84,72,1.2,NORMAL
143.5,119,46,1.5,NORMAL
212.19,7,3,3.1,UNDERPERFORMING
126.62,7,58,2.1,RESTOCK
85.61,13,5,3.1,UNDERPERFORMING
298.13,99,20,2.2,NORMAL
272.54,4,52,3.0,RESTOCK
223.41,0,135,3.6,RESTOCK
446.81,46,8,2.0,UNDERPERFORMING
392.19,5,120,4.4,RESTOCK
32.19,9,100,2.1,RESTOCK
49.62,22,60,2.0,NORMAL
233.8,51,3,2.2,UNDERPERFORMING
240.13,20,92,4.6,BEST_SELLER
180.81,81,4,2.7,UNDERPERFORMING
479.75,22,4,1.2,UNDERPERFORMING
321.71,69,139,4.6,BEST_SELLER
238.87,7,91,2.9,RESTOCK
225.12,6,83,2.2,RESTOCK
198.08,4,149,2.6,RESTOCK
59.15,96,98,4.7,BEST_SELLER
42.13,7,117,4.5,RESTOCK
126.16,76,3,3.9,UNDERPERFORMING
414.58,45,5,3.4,UNDERPERFORMING
471.54,68,9,2.6,UNDERPERFORMING
315.27,21,90,4.5,BEST_SELLER
57.66,92,78,3.4,NORMAL
465.64,112,5,4.3,UNDERPERFORMING
147.83,80,2,1.3,UNDERPERFORMING
460.03,101,0,1.3,UNDERPERFORMING
261.11,57,178,4.4,BEST_SELLER
376.66,30,2,4.6,UNDERPERFORMING
244.29,46,106,4.4,BEST_SELLER
472.35,63,29,1.1,NORMAL
24.77,93,66,2.1,NORMAL
84.49,4,123,3.5,RESTOCK
297.04,64,1,1.3,UNDERPERFORMING
212.78,104,1,1.4,UNDERPERFORMING
47.0,91,46,2.8,NORMAL
361.64,26,198,5.0,BEST_SELLER
35.63,32,11,3.4,NORMAL
49.15,55,112,4.8,BEST_SELLER
248.5,68,87,4.6,BEST_SELLER
357.4,3,98,3.5,RESTOCK
332.25,16,187,4.1,BEST_SELLER
251.0,104,44,1.1,NORMAL
132.08,80,9,4.1,UNDERPERFORMING
251.81,23,0,3.7,UNDERPERFORMING
415.86,1,147,4.5,RESTOCK
338.39,14,4,1.6,UNDERPERFORMING
308.84,9,104,3.3,RESTOCK
329.76,9,65,4.2,RESTOCK
353.99,1,39,3.4,RESTOCK
219.26,101,132,4.1,BEST_SELLER
231.81,18,97,4.1,BEST_SELLER
228.99,1,131,3.0,RESTOCK
289.59,97,134,4.3,BEST_SELLER
446.78,37,2,1.7,UNDERPERFORMING
121.25,113,1,2.4,UNDERPERFORMING
48.75,44,27,1.2,NORMAL
110.08,5,137,3.9,RESTOCK
328.13,90,9,1.4,UNDERPERFORMING
389.02,6,122,3.1,RESTOCK
435.18,5,0,3.2,UNDERPERFORMING
364.87,26,71,1.6,NORMAL
282.29,62,105,4.3,BEST_SELLER
121.18,56,5,2.7,UNDERPERFORMING
118.18,7,116,2.5,RESTOCK
378.95,71,116,4.6,BEST_SELLER
167.89,56,5,1.9,UNDERPERFORMING
20.34,97,6,3.7,UNDERPERFORMING
400.23,9,63,3.0,RESTOCK
242.5,1,147,3.4,RESTOCK
209.13,6,135,2.9,RESTOCK
96.15,17,45,1.6,NORMAL
12.87,98,174,4.7,BEST_SELLER
375.09,52,173,4.5,BEST_SELLER
56.14,11,6,2.4,UNDERPERFORMING
493.38,100,2,4.3,UNDERPERFORMING
244.36,87,77,4.2,NORMAL
142.0,112,181,4.5,BEST_SELLER
328.68,81,7,3.9,UNDERPERFORMING
331.09,58,49,2.2,NORMAL
252.1,0,104,4.8,RESTOCK
395.76,115,147,4.8,BEST_SELLER
197.78,24,195,4.7,BEST_SELLER
448.89,2,87,2.2,RESTOCK
210.76,61,51,1.2,NORMAL
419.62,116,44,1.2,NORMAL
454.98,29,76,3.3,NORMAL
222.22,7,67,3.1,RESTOCK
35.97,33,17,1.4,NORMAL
391.04,7,84,4.8,RESTOCK
194.93,28,95,4.1,BEST_SELLER
276.17,81,97,4.2,BEST_SELLER
180.63,77,10,2.1,NORMAL
126.71,9,117,4.3,RESTOCK
91.53,3,57,3.4,RESTOCK
379.49,38,33,4.3,NORMAL
80.07,101,2,2.1,UNDERPERFORMING
13.16,12,43,1.7,NORMAL
203.65,39,5,1.0,UNDERPERFORMING
39.12,15,52,5.0,NORMAL
385.0,42,102,4.2,BEST_SELLER
379.26,101,3,1.0,UNDERPERFORMING
163.02,67,189,4.5,BEST_SELLER
227.24,68,174,4.7,BEST_SELLER
462.33,9,99,2.0,RESTOCK
158.28,61,48,4.7,NORMAL
384.09,116,170,4.5,BEST_SELLER
88.92,90,117,4.6,BEST_SELLER
315.34,39,3,2.4,UNDERPERFORMING
381.71,68,8,1.2,UNDERPERFORMING
51.67,6,134,4.1,RESTOCK
442.01,44,77,2.8,NORMAL
400.22,66,74,3.9,NORMAL
136.58,7,90,2.3,RESTOCK
474.88,71,33,3.3,NORMAL
363.78,1,102,4.9,RESTOCK
408.84,82,22,1.2,NORMAL
306.67,103,22,3.2,NORMAL
421.27,79,64,3.5,NORMAL
300.24,26,7,4.0,UNDERPERFORMING
169.43,103,106,4.6,BEST_SELLER
465.7,26,0,3.5,UNDERPERFORMING
298.18,21,2,3.9,UNDERPERFORMING
225.64,41,32,2.5,NORMAL
250.8,99,8,3.5,UNDERPERFORMING
289.77,118,0,4.4,UNDERPERFORMING
392.21,77,135,4.8,BEST_SELLER
145.24,68,40,2.1,NORMAL
241.81,8,48,2.8,RESTOCK
407.19,55,46,2.0,NORMAL
354.04,42,66,1.9,NORMAL
64.51,60,137,4.4,BEST_SELLER
451.93,6,140,3.0,RESTOCK
481.13,76,27,3.8,NORMAL
411.7,89,49,3.2,NORMAL
309.77,48,93,4.9,BEST_SELLER
77.52,53,91,4.2,BEST_SELLER
212.23,2,121,4.5,RESTOCK
19.39,99,38,3.6,NORMAL
200.98,106,198,4.5,BEST_SELLER
249.27,116,56,1.3,NORMAL
348.55,46,55,1.5,NORMAL
313.57,94,104,4.5,BEST_SELLER
383.54,53,4,4.0,UNDERPERFORMING
468.82,93,28,3.0,NORMAL
262.63,5,86,4.1,RESTOCK
189.7,105,165,4.2,BEST_SELLER
131.29,58,5,4.8,UNDERPERFORMING
89.65,118,40,2.9,NORMAL
359.73,99,7,3.3,UNDERPERFORMING
251.49,83,21,2.7,NORMAL
417.25,2,67,3.3,RESTOCK
262.36,57,121,4.4,BEST_SELLER
163.69,41,78,3.5,NORMAL
327.13,30,118,4.8,BEST_SELLER
26.52,38,186,4.7,BEST_SELLER
275.11,3,95,4.7,RESTOCK
249.56,5,66,3.4,RESTOCK
143.71,67,71,2.6,NORMAL
473.72,83,17,2.6,NORMAL
136.69,6,63,2.8,RESTOCK
112.23,91,6,3.7,UNDERPERFORMING
328.33,1,111,3.3,RESTOCK
210.56,11,29,1.1,NORMAL
485.77,59,75,4.0,NORMAL
300.62,72,155,4.9,BEST_SELLER
302.77,3,88,2.8,RESTOCK
162.27,62,1,2.7,UNDERPERFORMING
99.49,45,53,1.7,NORMAL
471.57,5,118,2.6,RESTOCK
27.33,3,142,4.5,RESTOCK
238.71,90,139,4.1,BEST_SELLER
97.99,15,12,2.5,NORMAL
370.07,1,39,3.5,RESTOCK
322.38,116,191,4.8,BEST_SELLER
295.82,31,9,3.1,UNDERPERFORMING
88.48,79,2,2.7,UNDERPERFORMING
184.8,59,117,4.6,BEST_SELLER
423.94,8,9,2.7,UNDERPERFORMING
393.53,30,130,4.5,BEST_SELLER
236.59,55,129,4.6,BEST_SELLER
271.48,71,12,3.9,NORMAL
285.38,7,96,4.5,RESTOCK
311.99,36,160,4.3,BEST_SELLER
142.37,90,42,4.3,NORMAL
348.05,22,94,4.7,BEST_SELLER
31.4,71,9,4.7,UNDERPERFORMING
163.71,39,130,4.0,BEST_SELLER
165.17,10,26,1.1,NORMAL
479.72,79,77,3.9,NORMAL
396.96,38,42,4.2,NORMAL
52.57,3,49,3.6,RESTOCK
374.63,29,5,3.4,UNDERPERFORMING
126.59,89,151,4.4,BEST_SELLER
183.03,7,57,2.1,RESTOCK
281.97,36,92,5.0,BEST_SELLER
47.09,80,167,4.1,BEST_SELLER
450.55,4,71,2.1,RESTOCK
284.75,37,48,2.0,NORMAL
163.81,64,7,4.8,UNDERPERFORMING
80.78,82,33,3.7,NORMAL
350.58,11,25,2.3,NORMAL
394.39,9,70,4.6,RESTOCK
255.46,89,17,3.6,NORMAL
79.55,4,41,4.0,RESTOCK
367.5,80,60,1.9,NORMAL
106.88,49,110,4.2,BEST_SELLER
413.09,5,141,2.6,RESTOCK
167.32,39,0,1.1,UNDERPERFORMING
125.84,30,8,1.1,UNDERPERFORMING
320.15,4,79,4.2,RESTOCK
329.66,8,63,2.2,RESTOCK
164.99,33,51,3.5,NORMAL
212.2,49,60,4.7,NORMAL
382.31,21,9,1.2,UNDERPERFORMING
55.88,8,87,3.8,RESTOCK
310.8,109,0,1.7,UNDERPERFORMING
30.02,8,134,2.9,RESTOCK
464.94,9,147,2.1,RESTOCK
30.19,3,120,2.8,RESTOCK
425.14,107,45,1.9,NORMAL
426.72,60,71,3.2,NORMAL
278.32,6,130,2.3,RESTOCK
185.52,86,10,3.0,NORMAL
107.96,8,92,4.4,RESTOCK
203.84,74,61,4.7,NORMAL
196.03,22,1,2.0,UNDERPERFORMING
464.82,56,28,1.6,NORMAL
432.75,6,143,3.0,RESTOCK
172.34,44,86,4.4,BEST_SELLER
300.9,96,4,2.0,UNDERPERFORMING
200.58,8,124,4.7,RESTOCK
16.53,100,20,3.2,NORMAL
354.11,73,0,1.2,UNDERPERFORMING
204.17,102,7,4.6,UNDERPERFORMING
238.58,37,5,3.0,UNDERPERFORMING
228.39,57,6,1.6,UNDERPERFORMING
58.31,46,85,4.8,BEST_SELLER
235.02,3,74,2.7,RESTOCK
79.55,68,0,1.2,UNDERPERFORMING
443.89,110,8,3.0,UNDERPERFORMING
199.49,1,135,4.9,RESTOCK
7.4,114,7,4.8,UNDERPERFORMING
354.59,57,15,2.9,NORMAL
218.52,89,68,4.2,NORMAL
381.67,64,3,1.8,UNDERPERFORMING
179.35,4,115,2.1,RESTOCK
5.28,6,82,4.3,RESTOCK
85.13,23,0,3.2,UNDERPERFORMING
285.07,66,4,4.3,UNDERPERFORMING
171.46,0,148,2.0,RESTOCK
338.99,99,188,5.0,BEST_SELLER
211.37,23,5,2.9,UNDERPERFORMING
339.94,8,38,2.0,RESTOCK
369.6,4,85,2.6,RESTOCK
297.16,84,20,4.0,NORMAL
42.94,98,52,4.9,NORMAL
271.89,69,9,2.5,UNDERPERFORMING
187.94,66,5,1.3,UNDERPERFORMING
196.23,118,171,4.9,BEST_SELLER
314.7,72,94,5.0,BEST_SELLER
66.27,53,23,2.3,NORMAL
237.8,24,158,4.1,BEST_SELLER
53.28,98,6,4.1,UNDERPERFORMING
120.97,51,187,4.2,BEST_SELLER
488.45,3,68,3.4,RESTOCK
50.8,96,188,4.9,BEST_SELLER
65.37,1,132,4.3,RESTOCK
377.4,2,90,4.3,RESTOCK
357.81,4,84,3.0,RESTOCK
339.81,43,62,1.8,NORMAL
284.83,31,13,1.3,NORMAL
230.17,1,80,2.5,RESTOCK
469.09,31,74,1.1,NORMAL
499.42,4,104,4.7,RESTOCK
57.88,22,179,4.2,BEST_SELLER
283.1,25,118,4.8,BEST_SELLER
444.95,90,48,4.5,NORMAL
278.95,63,59,3.6,NORMAL
221.15,2,149,3.5,RESTOCK
215.26,2,37,4.0,RESTOCK
105.03,103,181,4.6,BEST_SELLER
149.69,23,9,3.8,UNDERPERFORMING
274.14,70,84,4.4,BEST_SELLER
129.17,103,3,1.6,UNDERPERFORMING
325.81,48,44,2.8,NORMAL
262.88,22,4,2.9,UNDERPERFORMING
243.88,22,137,5.0,BEST_SELLER
141.58,117,4,1.2,UNDERPERFORMING
157.11,53,127,4.1,BEST_SELLER
459.74,94,2,4.5,UNDERPERFORMING
274.77,41,29,2.3,NORMAL
263.51,9,56,2.4,RESTOCK
363.22,119,49,4.3,NORMAL
287.93,6,0,2.6,UNDERPERFORMING
77.45,98,141,5.0,BEST_SELLER
124.44,59,0,3.2,UNDERPERFORMING
291.07,44,195,4.8,BEST_SELLER
133.65,111,85,4.4,BEST_SELLER
294.16,37,2,4.7,UNDERPERFORMING
356.71,4,34,2.1,RESTOCK
358.23,82,9,2.4,UNDERPERFORMING
472.54,67,41,2.1,NORMAL
263.93,7,53,4.4,RESTOCK
441.99,38,3,2.8,UNDERPERFORMING
453.87,78,3,3.4,UNDERPERFORMING
275.3,96,53,2.2,NORMAL
296.16,116,170,4.4,BEST_SELLER
113.69,95,196,4.8,BEST_SELLER
493.08,39,2,1.8,UNDERPERFORMING
355.54,8,51,3.1,RESTOCK
428.71,93,60,4.2,NORMAL
240.55,69,162,4.4,BEST_SELLER
193.75,7,8,4.9,UNDERPERFORMING
127.13,7,118,4.0,RESTOCK
288.95,50,4,3.3,UNDERPERFORMING
384.31,92,93,4.1,BEST_SELLER
271.23,113,133,4.8,BEST_SELLER
105.65,107,165,4.9,BEST_SELLER
307.12,1,105,2.4,RESTOCK
327.87,7,128,2.5,RESTOCK
333.34,63,46,3.1,NORMAL
150.66,115,142,4.7,BEST_SELLER
85.79,47,5,2.5,UNDERPERFORMING
270.68,83,137,4.6,BEST_SELLER
126.56,1,36,2.7,RESTOCK
8.32,52,30,4.0,NORMAL
462.03,111,8,3.1,UNDERPERFORMING
107.28,18,32,1.7,NORMAL
253.92,6,91,3.7,RESTOCK
418.78,58,23,1.9,NORMAL
69.81,2,37,4.8,RESTOCK
231.58,2,0,2.0,UNDERPERFORMING
32.66,91,124,4.5,BEST_SELLER
296.95,30,6,3.4,UNDERPERFORMING
249.83,5,45,2.7,RESTOCK
157.62,3,46,3.7,RESTOCK
176.04,40,66,4.5,NORMAL
230.92,8,76,3.1,RESTOCK
329.22,9,9,1.1,UNDERPERFORMING
35.01,56,3,2.0,UNDERPERFORMING
138.99,40,191,4.1,BEST_SELLER
308.35,75,156,4.6,BEST_SELLER
90.32,30,76,1.2,NORMAL
436.35,8,106,3.3,RESTOCK
175.3,26,46,2.2,NORMAL
350.82,103,111,4.6,BEST_SELLER
66.31,101,4,3.2,UNDERPERFORMING
379.16,40,34,2.6,NORMAL
38.42,5,37,2.0,RESTOCK
58.11,46,2,3.1,UNDERPERFORMING
167.22,108,147,4.7,BEST_SELLER
218.42,35,5,4.6,UNDERPERFORMING
52.14,103,42,2.4,NORMAL
258.46,27,95,4.6,BEST_SELLER
387.58,10,2,3.0,UNDERPERFORMING
223.32,10,73,1.1,NORMAL
331.62,48,117,4.2,BEST_SELLER
252.86,20,170,4.8,BEST_SELLER
426.83,108,69,3.9,NORMAL
285.89,7,78,3.3,RESTOCK
44.21,66,159,4.4,BEST_SELLER
53.67,83,0,3.9,UNDERPERFORMING
321.17,13,54,2.7,NORMAL
73.45,53,59,4.9,NORMAL
357.88,106,42,4.9,NORMAL
17.88,34,8,1.3,UNDERPERFORMING
230.19,42,77,2.1,NORMAL
