project_type,size_sqm,num_workers,complexity,duration_days,project_type_encoded
commercial,390.0,8,5,74,0
house,138.3,8,5,18,1
landscaping,231.4,5,2,9,2
landscaping,162.4,5,1,6,2
landscaping,201.8,10,4,8,2
landscaping,143.7,3,4,7,2
commercial,495.1,5,3,89,0
commercial,379.9,5,2,62,0
landscaping,262.3,8,3,9,2
renovation,44.2,4,2,3,3
renovation,163.3,6,5,16,3
commercial,464.7,10,4,76,0
renovation,52.8,7,4,4,3
house,163.2,8,2,17,1
house,167.2,9,5,15,1
commercial,124.9,8,3,13,0
commercial,706.2,1,3,306,0
house,160.6,7,1,13,1
landscaping,128.3,7,5,7,2
commercial,185.2,3,1,30,0
commercial,572.3,1,5,258,0
renovation,56.6,9,2,2,3
renovation,38.6,7,1,1,3
landscaping,343.5,5,5,25,2
commercial,342.1,7,3,55,0
commercial,600.3,6,4,127,0
landscaping,166.8,10,4,6,2
house,114.9,9,3,10,1
renovation,53.9,9,5,3,3
house,132.9,6,1,9,1
landscaping,220.6,4,4,14,2
renovation,112.6,5,1,6,3
landscaping,208.2,2,4,18,2
renovation,77.6,1,3,11,3
renovation,79.0,6,4,5,3
commercial,344.9,6,5,79,0
landscaping,196.4,1,1,16,2
landscaping,354.7,3,4,27,2
landscaping,75.9,7,4,4,2
house,104.0,2,1,18,1
commercial,343.3,7,2,40,0
commercial,374.9,9,4,51,0
landscaping,205.0,7,1,6,2
house,215.0,3,4,36,1
landscaping,273.7,4,3,15,2
house,164.7,2,2,25,1
renovation,111.5,9,4,8,3
house,149.8,4,3,20,1
house,170.9,3,5,27,1
commercial,555.3,2,5,221,0
renovation,120.9,1,5,28,3
landscaping,123.0,3,1,6,2
landscaping,190.1,5,3,11,2
landscaping,163.8,5,1,6,2
landscaping,20.0,10,2,1,2
commercial,323.2,6,2,43,0
commercial,711.5,1,1,186,0
house,102.0,10,2,9,1
commercial,631.4,10,1,41,0
landscaping,245.7,3,4,22,2
renovation,85.0,6,3,5,3
house,157.5,1,4,53,1
renovation,65.8,5,1,4,3
landscaping,142.8,5,4,9,2
renovation,81.4,3,4,7,3
landscaping,201.2,3,1,10,2
landscaping,164.4,7,2,4,2
house,239.1,1,2,52,1
renovation,65.8,6,1,3,3
landscaping,214.7,7,5,13,2
renovation,44.5,6,1,2,3
house,138.1,10,2,13,1
landscaping,156.1,5,2,8,2
renovation,80.1,8,5,6,3
house,139.9,4,4,23,1
renovation,49.0,3,3,4,3
house,206.9,8,2,19,1
commercial,556.2,1,2,161,0
landscaping,324.4,2,3,22,2
house,247.6,2,5,65,1
commercial,572.4,5,5,139,0
house,39.2,8,3,5,1
house,119.2,1,5,47,1
landscaping,324.2,9,3,12,2
house,181.6,4,1,12,1
renovation,62.3,4,4,5,3
house,166.2,4,3,23,1
renovation,55.5,3,4,7,3
house,78.0,5,1,7,1
commercial,497.6,7,2,52,0
house,166.2,2,4,49,1
house,180.7,6,5,33,1
landscaping,162.3,5,3,9,2
landscaping,84.2,4,1,3,2
commercial,537.2,4,4,133,0
commercial,32.1,7,3,4,0
renovation,70.9,10,4,4,3
landscaping,251.8,7,1,8,2
commercial,598.5,1,1,158,0
landscaping,20.0,10,4,1,2
house,153.5,5,4,26,1
commercial,405.6,9,1,36,0
renovation,53.1,7,1,3,3
commercial,477.8,5,2,78,0
landscaping,103.3,2,4,12,2
landscaping,94.0,6,1,3,2
house,197.5,3,5,39,1
renovation,40.4,8,2,2,3
commercial,735.9,1,3,260,0
house,119.2,1,5,54,1
house,27.4,1,5,9,1
landscaping,217.5,5,5,14,2
renovation,85.0,5,5,9,3
renovation,66.5,9,1,3,3
commercial,325.6,1,1,76,0
landscaping,77.3,8,2,3,2
renovation,126.5,2,4,16,3
house,253.0,9,1,21,1
landscaping,20.0,5,5,1,2
renovation,51.1,6,4,4,3
renovation,111.8,3,2,6,3
landscaping,37.7,7,2,2,2
commercial,693.7,10,1,63,0
renovation,83.8,2,5,11,3
renovation,40.9,3,1,3,3
commercial,573.3,8,4,77,0
landscaping,279.8,2,5,29,2
renovation,98.5,2,4,11,3
renovation,76.8,10,2,3,3
house,248.2,9,2,20,1
house,248.2,8,3,24,1
commercial,535.6,8,2,61,0
landscaping,149.9,10,3,4,2
landscaping,232.0,7,3,9,2
commercial,266.0,9,5,33,0
landscaping,148.3,9,1,3,2
house,234.4,3,1,30,1
house,278.7,6,2,25,1
commercial,411.9,3,2,94,0
house,185.6,2,3,36,1
landscaping,33.7,9,1,1,2
house,117.5,8,1,8,1
commercial,534.8,4,1,79,0
renovation,95.0,9,2,3,3
commercial,150.8,5,2,30,0
renovation,52.7,4,1,3,3
landscaping,220.8,6,5,12,2
renovation,78.0,3,1,4,3
renovation,54.2,7,2,2,3
landscaping,250.1,4,1,8,2
commercial,721.3,8,3,108,0
renovation,63.2,5,3,5,3
house,124.6,1,4,33,1
landscaping,246.3,5,4,16,2
renovation,66.7,3,3,6,3
renovation,20.0,10,1,1,3
renovation,72.5,3,5,10,3
renovation,20.0,1,1,3,3
house,138.0,5,3,20,1
commercial,204.3,4,5,60,0
house,198.3,4,5,38,1
renovation,104.8,7,1,5,3
renovation,99.8,5,3,6,3
renovation,111.1,4,5,10,3
landscaping,204.4,8,5,15,2
house,187.8,2,3,33,1
commercial,766.1,10,3,120,0
commercial,288.3,10,2,27,0
renovation,102.9,8,2,5,3
house,193.4,4,4,27,1
house,160.8,10,1,11,1
landscaping,149.6,3,5,13,2
renovation,50.3,5,2,3,3
renovation,92.6,1,3,13,3
landscaping,73.3,5,1,3,2
renovation,49.6,9,2,2,3
commercial,486.9,2,3,147,0
house,127.8,3,1,15,1
commercial,707.8,6,2,83,0
landscaping,206.3,1,4,21,2
house,136.6,8,1,8,1
commercial,364.5,7,3,54,0
commercial,386.6,1,5,226,0
house,278.5,2,1,32,1
renovation,87.0,6,4,8,3
house,212.3,4,1,14,1
landscaping,87.4,2,4,7,2
house,196.8,1,1,46,1
commercial,345.9,8,1,29,0
commercial,692.6,8,2,80,0
commercial,662.8,8,3,76,0
landscaping,331.7,5,2,12,2
commercial,772.6,5,3,146,0
landscaping,226.1,2,2,12,2
house,123.9,10,2,11,1
commercial,188.7,5,5,46,0
renovation,61.2,5,4,6,3
commercial,694.4,1,2,221,0
commercial,840.3,2,5,301,0
house,118.9,4,2,13,1
renovation,88.9,5,3,7,3
renovation,31.1,1,5,7,3
house,240.5,5,2,26,1
renovation,87.7,9,5,7,3
commercial,737.2,5,4,151,0
renovation,61.3,6,3,4,3
house,159.3,10,5,17,1
house,138.7,4,1,16,1
commercial,614.8,2,5,160,0
landscaping,248.6,1,3,22,2
house,168.7,2,5,38,1
house,159.0,9,5,19,1
commercial,311.1,3,3,92,0
renovation,99.0,6,2,6,3
landscaping,141.8,1,5,20,2
house,146.3,8,3,16,1
landscaping,302.8,5,1,12,2
renovation,34.2,10,1,1,3
house,134.5,7,1,10,1
commercial,249.8,7,5,66,0
commercial,589.3,2,3,153,0
commercial,631.4,4,3,134,0
renovation,145.7,8,3,8,3
landscaping,116.6,7,4,7,2
commercial,582.5,6,1,44,0
house,193.4,10,4,21,1
renovation,47.2,2,3,3,3
commercial,412.5,3,3,74,0
commercial,1019.5,9,2,98,0
renovation,29.5,5,1,1,3
renovation,79.7,8,2,4,3
landscaping,253.4,1,5,47,2
renovation,51.4,10,5,3,3
house,178.2,7,3,15,1
renovation,46.3,4,4,4,3
commercial,727.6,6,5,141,0
commercial,186.0,2,1,35,0
renovation,94.1,6,1,4,3
house,131.3,2,2,18,1
renovation,147.1,9,1,5,3
landscaping,132.8,9,3,5,2
commercial,608.7,5,3,120,0
commercial,306.9,6,3,42,0
house,152.3,5,4,20,1
landscaping,158.6,1,2,16,2
landscaping,203.5,3,2,13,2
commercial,764.8,1,3,241,0
landscaping,274.6,9,5,15,2
commercial,563.6,7,5,96,0
commercial,491.7,7,2,64,0
renovation,63.7,7,2,3,3
landscaping,325.4,7,2,12,2
landscaping,180.1,9,1,4,2
landscaping,260.3,8,5,11,2
commercial,421.8,7,2,46,0
house,145.2,5,5,25,1
renovation,85.3,2,4,11,3
commercial,598.1,1,2,174,0
renovation,115.9,2,2,8,3
renovation,63.2,7,5,5,3
commercial,410.2,3,3,105,0
renovation,100.3,3,5,12,3
house,172.0,4,2,19,1
commercial,724.4,3,1,130,0
renovation,73.3,5,5,5,3
commercial,130.6,10,4,17,0
renovation,58.7,1,1,5,3
landscaping,276.0,8,4,12,2
renovation,75.2,2,4,8,3
commercial,311.1,5,4,64,0
renovation,117.5,9,1,4,3
renovation,59.7,6,1,3,3
landscaping,210.2,5,2,8,2
landscaping,223.7,1,5,33,2
renovation,51.9,6,3,4,3
house,162.9,3,1,20,1
house,158.1,6,4,18,1
landscaping,294.7,2,4,25,2
house,106.2,1,5,40,1
landscaping,89.2,6,2,3,2
renovation,107.6,10,4,6,3
house,160.5,9,1,12,1
renovation,118.0,7,3,7,3
landscaping,372.5,6,2,17,2
commercial,580.3,10,3,93,0
renovation,49.1,7,5,3,3
commercial,601.2,3,4,107,0
renovation,38.9,6,1,2,3
commercial,718.2,10,5,112,0
landscaping,50.9,4,4,3,2
landscaping,276.2,9,4,18,2
renovation,76.8,2,2,9,3
landscaping,69.4,3,2,4,2
renovation,41.7,2,5,5,3
commercial,649.9,4,2,93,0
landscaping,218.5,5,5,10,2
renovation,30.5,8,1,1,3
landscaping,107.6,9,1,3,2
landscaping,264.6,1,4,28,2
landscaping,87.5,10,3,3,2
renovation,82.3,10,4,4,3
renovation,75.1,8,3,3,3
landscaping,132.9,4,4,9,2
house,68.2,5,1,7,1
house,126.6,6,4,22,1
commercial,434.6,2,1,73,0
commercial,252.5,5,5,62,0
commercial,515.7,10,4,50,0
house,248.6,2,1,33,1
renovation,82.0,8,3,5,3
renovation,92.8,7,5,5,3
landscaping,124.9,7,2,5,2
house,163.8,6,5,23,1
commercial,609.4,7,2,64,0
commercial,493.8,1,2,206,0
landscaping,229.9,8,1,7,2
renovation,85.4,5,5,9,3
house,165.1,2,1,20,1
house,200.3,9,5,24,1
house,119.8,2,5,30,1
renovation,115.7,6,2,5,3
renovation,69.1,1,1,8,3
house,95.2,7,5,11,1
commercial,301.7,1,1,53,0
commercial,828.4,10,2,97,0
renovation,174.3,8,2,8,3
renovation,31.1,4,3,2,3
landscaping,330.0,5,3,18,2
commercial,525.9,3,4,141,0
house,80.1,4,5,15,1
landscaping,241.8,3,2,14,2
landscaping,142.7,4,2,8,2
house,97.1,10,5,12,1
commercial,379.7,10,5,63,0
renovation,75.7,6,1,4,3
landscaping,210.0,7,5,11,2
renovation,119.8,10,2,5,3
house,87.8,5,4,12,1
renovation,100.8,7,2,5,3
house,162.0,1,2,34,1
house,176.2,2,1,22,1
commercial,237.6,5,3,41,0
landscaping,244.7,9,5,10,2
house,183.3,2,3,28,1
renovation,130.3,1,3,18,3
commercial,708.5,4,2,105,0
renovation,31.3,4,5,3,3
house,68.4,1,3,24,1
renovation,62.4,1,4,11,3
renovation,64.4,5,2,4,3
commercial,101.3,3,2,20,0
commercial,200.1,3,2,30,0
commercial,359.0,10,4,50,0
house,176.9,9,2,12,1
renovation,117.5,1,4,20,3
landscaping,157.3,8,5,7,2
landscaping,205.8,9,5,11,2
landscaping,140.1,7,1,4,2
house,175.2,2,5,51,1
renovation,71.3,2,1,5,3
house,89.0,1,3,23,1
commercial,279.3,4,2,30,0
commercial,589.8,6,4,98,0
house,151.3,1,2,23,1
renovation,66.8,8,2,4,3
renovation,58.9,7,4,4,3
renovation,74.8,2,3,7,3
renovation,101.4,2,1,8,3
house,273.2,6,5,40,1
landscaping,20.0,9,5,1,2
house,147.0,4,1,12,1
commercial,511.3,4,2,88,0
house,164.2,2,4,34,1
commercial,457.3,2,3,150,0
renovation,84.5,9,3,4,3
house,119.3,1,4,38,1
landscaping,77.3,4,4,6,2
landscaping,237.6,5,4,16,2
commercial,226.6,7,3,31,0
landscaping,94.6,6,5,6,2
renovation,63.0,5,5,5,3
renovation,50.2,5,1,3,3
house,149.2,3,1,18,1
landscaping,199.2,7,5,15,2
renovation,102.0,3,1,5,3
house,106.3,5,2,8,1
house,173.3,2,4,41,1
landscaping,254.2,10,4,10,2
landscaping,372.6,2,3,27,2
renovation,119.1,7,5,11,3
commercial,379.1,8,1,34,0
commercial,426.9,8,3,59,0
landscaping,200.8,8,2,6,2
commercial,303.8,3,3,53,0
landscaping,113.9,5,2,4,2
renovation,80.9,1,1,7,3
house,87.4,1,4,27,1
renovation,73.7,9,2,3,3
commercial,371.3,8,2,48,0
renovation,104.9,2,3,11,3
renovation,96.7,7,1,4,3
house,193.0,10,1,8,1
renovation,73.4,1,5,14,3
commercial,257.5,7,1,30,0
landscaping,186.6,5,4,11,2
landscaping,214.5,9,4,8,2
house,123.0,5,4,19,1
commercial,497.3,7,4,89,0
house,223.9,1,3,59,1
commercial,532.5,9,5,77,0
commercial,541.2,8,1,41,0
landscaping,183.3,10,2,5,2
commercial,720.0,7,3,90,0
commercial,302.6,9,4,54,0
landscaping,84.0,3,3,5,2
house,135.6,4,4,19,1
renovation,86.7,5,5,9,3
renovation,34.2,9,5,3,3
landscaping,278.4,3,5,23,2
landscaping,258.7,8,2,7,2
renovation,61.3,3,1,4,3
commercial,723.2,6,5,133,0
commercial,516.3,4,1,80,0
commercial,372.3,1,3,114,0
landscaping,215.2,1,4,31,2
landscaping,172.0,6,4,10,2
commercial,560.8,10,2,45,0
commercial,394.4,1,3,167,0
house,129.4,5,5,23,1
landscaping,241.1,10,5,11,2
landscaping,197.8,1,1,20,2
landscaping,151.8,9,4,7,2
landscaping,174.5,8,4,8,2
renovation,50.7,3,4,4,3
renovation,54.8,6,2,2,3
house,123.7,4,2,15,1
renovation,21.6,2,1,2,3
commercial,647.4,2,3,167,0
landscaping,292.8,8,1,8,2
house,94.5,8,1,7,1
commercial,561.4,9,5,92,0
house,108.8,6,1,8,1
house,200.6,7,1,10,1
house,83.1,2,1,12,1
renovation,93.1,2,3,11,3
house,107.9,8,4,14,1
commercial,370.6,1,5,184,0
landscaping,326.6,4,5,26,2
commercial,441.6,10,4,47,0
renovation,134.9,8,3,9,3
landscaping,139.1,3,4,8,2
commercial,414.7,3,5,140,0
commercial,394.5,8,4,57,0
landscaping,135.1,8,1,4,2
commercial,20.0,6,4,4,0
renovation,105.0,3,3,9,3
renovation,80.8,1,5,13,3
landscaping,123.6,4,3,7,2
landscaping,227.2,7,1,6,2
commercial,288.5,2,4,89,0
landscaping,185.0,7,3,9,2
house,209.4,9,4,32,1
renovation,64.3,3,5,6,3
landscaping,221.7,2,3,19,2
landscaping,175.7,9,5,6,2
landscaping,303.8,10,5,14,2
landscaping,154.8,9,3,6,2
commercial,589.5,7,1,47,0
house,171.5,3,1,20,1
landscaping,160.9,3,4,13,2
commercial,556.7,1,3,203,0
landscaping,173.1,5,3,9,2
house,201.4,4,4,27,1
house,186.2,2,3,41,1
house,131.0,6,4,15,1
house,41.4,4,1,5,1
house,129.7,6,1,10,1
commercial,668.7,7,1,71,0
commercial,613.9,3,4,208,0
renovation,68.6,4,1,3,3
renovation,82.6,4,1,4,3
renovation,31.8,9,4,2,3
commercial,690.1,9,5,145,0
renovation,82.1,5,4,8,3
house,103.6,9,5,13,1
house,198.8,8,1,15,1
landscaping,20.0,6,4,1,2
renovation,95.3,10,4,6,3
house,221.6,3,4,41,1
commercial,306.9,6,4,55,0
house,139.6,9,1,7,1
landscaping,150.2,9,2,5,2
house,155.3,8,3,15,1
landscaping,20.0,1,3,2,2
landscaping,20.0,4,1,1,2
house,208.0,1,3,60,1
landscaping,175.3,5,5,10,2
house,125.4,6,1,8,1
house,121.0,1,5,51,1
commercial,539.1,7,5,117,0
landscaping,168.1,1,4,20,2
commercial,666.3,5,5,145,0
landscaping,104.1,10,4,5,2
renovation,100.6,7,5,8,3
commercial,529.0,2,2,109,0
renovation,112.3,4,2,8,3
house,139.4,4,1,12,1
house,66.3,9,2,5,1
commercial,766.0,3,3,202,0
house,160.3,3,4,34,1
renovation,81.8,8,2,3,3
house,165.8,1,5,80,1
commercial,108.1,7,1,12,0
renovation,94.1,2,4,13,3
commercial,516.2,6,2,59,0
renovation,121.8,3,3,10,3
landscaping,319.7,7,3,15,2
landscaping,193.7,8,2,6,2
landscaping,235.9,5,1,7,2
house,142.3,10,4,16,1
renovation,37.6,1,1,5,3
renovation,83.2,4,4,9,3
renovation,136.7,2,5,18,3
renovation,80.2,4,2,5,3
commercial,146.5,6,3,18,0
house,59.8,5,2,6,1
house,79.8,3,4,12,1
renovation,33.8,6,4,2,3
house,159.2,2,5,35,1
renovation,99.7,3,2,7,3
renovation,56.4,1,5,10,3
renovation,46.6,7,4,3,3
commercial,558.7,3,5,133,0
commercial,395.6,1,3,163,0
landscaping,116.1,8,2,3,2
commercial,410.4,5,1,39,0
house,73.8,5,2,8,1
commercial,381.1,6,5,53,0
renovation,69.1,1,4,13,3
house,143.8,4,2,14,1
landscaping,127.5,8,3,5,2
commercial,455.6,1,3,191,0
house,147.3,3,4,29,1
commercial,733.2,8,3,95,0
commercial,472.9,7,2,66,0
landscaping,206.3,5,4,14,2
renovation,116.4,9,3,5,3
commercial,475.3,5,1,52,0
commercial,584.3,5,4,105,0
landscaping,214.4,3,2,12,2
commercial,494.7,4,3,82,0
commercial,921.9,2,5,364,0
house,114.2,2,2,20,1
landscaping,185.7,2,2,13,2
house,94.9,2,3,21,1
landscaping,136.9,7,3,5,2
renovation,72.1,1,1,5,3
house,129.7,9,1,7,1
commercial,20.0,10,4,3,0
landscaping,364.2,2,2,28,2
landscaping,138.6,6,4,6,2
house,161.3,7,2,16,1
renovation,96.7,9,4,6,3
house,118.7,6,1,9,1
commercial,306.6,6,5,85,0
landscaping,131.3,9,1,4,2
commercial,645.7,4,4,132,0
renovation,75.2,1,4,15,3
commercial,553.1,10,5,80,0
house,107.9,5,5,19,1
commercial,538.3,1,4,239,0
commercial,948.2,5,2,127,0
house,170.4,9,3,16,1
commercial,557.6,3,4,124,0
house,211.8,2,1,28,1
house,169.6,6,1,15,1
landscaping,277.7,2,1,19,2
landscaping,211.1,6,1,6,2
landscaping,280.2,6,2,12,2
house,187.0,5,2,19,1
renovation,85.3,3,1,5,3
commercial,655.8,6,4,75,0
landscaping,249.4,10,4,11,2
renovation,44.6,1,4,9,3
renovation,86.9,10,3,5,3
commercial,452.5,6,5,95,0
house,155.1,4,1,19,1
renovation,133.1,5,4,13,3
house,183.5,8,5,27,1
renovation,89.4,2,4,11,3
house,141.2,10,4,18,1
renovation,143.8,6,1,7,3
house,116.9,10,1,7,1
renovation,66.2,3,3,7,3
house,174.9,1,1,40,1
commercial,453.2,9,1,42,0
renovation,47.3,2,3,5,3
renovation,80.1,5,5,5,3
renovation,105.2,2,2,9,3
renovation,63.1,6,5,5,3
landscaping,235.8,6,1,8,2
landscaping,197.6,8,3,11,2
renovation,34.7,5,1,2,3
renovation,58.5,6,2,3,3
renovation,55.3,1,3,10,3
commercial,585.2,7,5,111,0
renovation,134.1,1,3,20,3
commercial,612.5,9,5,108,0
renovation,63.5,10,3,4,3
house,115.2,2,3,19,1
renovation,66.9,3,4,7,3
house,149.6,9,5,20,1
commercial,231.2,5,3,30,0
commercial,520.1,1,2,181,0
house,170.3,2,4,30,1
house,114.5,4,4,17,1
commercial,194.7,9,5,33,0
renovation,47.4,4,5,5,3
landscaping,358.1,3,4,21,2
renovation,74.5,7,2,4,3
landscaping,313.6,7,2,10,2
landscaping,83.9,8,1,2,2
landscaping,271.0,9,3,10,2
landscaping,254.2,1,3,27,2
commercial,587.3,4,2,100,0
house,184.0,3,2,30,1
house,119.8,4,5,22,1
house,197.7,9,1,9,1
house,184.5,5,1,10,1
renovation,62.5,5,5,5,3
landscaping,254.3,9,5,11,2
house,63.7,5,1,5,1
landscaping,162.8,6,4,9,2
commercial,641.1,6,5,116,0
landscaping,152.1,10,2,5,2
landscaping,238.4,9,1,6,2
commercial,435.0,1,4,257,0
landscaping,284.2,5,5,16,2
renovation,101.4,3,4,12,3
house,204.1,6,1,19,1
commercial,717.5,9,1,71,0
renovation,63.9,6,4,5,3
landscaping,259.0,7,1,9,2
house,95.4,4,2,11,1
house,147.0,4,3,22,1
house,159.7,1,3,55,1
house,241.0,6,5,37,1
landscaping,219.5,10,1,7,2
landscaping,284.3,2,3,28,2
house,117.5,8,3,13,1
renovation,82.1,5,3,5,3
house,212.5,1,5,62,1
house,163.2,8,3,19,1
house,123.2,3,5,20,1
commercial,468.8,4,1,56,0
house,185.0,7,3,22,1
landscaping,166.9,8,2,6,2
commercial,568.8,10,5,89,0
renovation,73.1,5,2,4,3
renovation,39.6,1,4,7,3
commercial,334.3,9,3,38,0
landscaping,264.1,6,2,14,2
commercial,262.8,6,4,50,0
commercial,853.1,3,4,196,0
commercial,240.1,2,3,73,0
renovation,104.3,1,1,9,3
commercial,631.1,4,1,63,0
commercial,457.0,6,4,86,0
renovation,64.9,1,1,7,3
house,73.4,4,3,11,1
house,186.1,10,1,10,1
renovation,79.3,3,4,8,3
commercial,552.2,9,3,73,0
renovation,139.0,2,4,19,3
house,168.0,1,1,36,1
renovation,52.5,8,3,2,3
house,79.6,1,3,21,1
landscaping,232.6,3,4,19,2
commercial,683.3,3,2,113,0
renovation,106.1,8,3,6,3
renovation,100.5,6,3,6,3
house,192.7,1,5,68,1
house,200.0,6,2,19,1
landscaping,359.4,5,4,19,2
renovation,63.5,10,1,2,3
house,151.3,6,4,15,1
landscaping,220.2,6,2,8,2
house,115.0,5,1,9,1
renovation,104.3,3,3,10,3
landscaping,119.4,8,2,3,2
commercial,671.5,10,4,81,0
landscaping,146.6,7,5,10,2
landscaping,89.1,10,1,3,2
house,138.5,3,5,26,1
commercial,561.7,5,2,54,0
commercial,535.0,3,1,82,0
commercial,279.4,5,5,66,0
landscaping,117.0,7,5,7,2
house,181.0,5,4,28,1
renovation,91.2,1,3,10,3
landscaping,177.5,10,4,8,2
commercial,521.1,7,3,58,0
renovation,110.6,1,1,15,3
commercial,330.6,10,1,34,0
house,20.0,6,1,2,1
renovation,78.7,7,2,5,3
house,126.4,1,3,29,1
commercial,607.5,9,3,92,0
house,196.9,10,4,20,1
landscaping,299.6,9,1,8,2
commercial,422.5,7,5,72,0
commercial,427.6,3,3,111,0
house,237.9,2,3,40,1
landscaping,177.9,9,4,9,2
commercial,538.3,2,2,112,0
house,135.3,10,5,19,1
commercial,372.9,8,3,41,0
commercial,379.1,4,3,48,0
renovation,97.4,2,1,7,3
house,163.4,9,4,22,1
landscaping,314.8,7,2,8,2
landscaping,232.8,7,4,10,2
house,92.5,10,1,4,1
landscaping,243.3,10,4,12,2
renovation,135.9,10,4,9,3
renovation,129.2,8,3,6,3
house,112.1,10,4,10,1
commercial,318.4,10,2,40,0
renovation,60.3,6,1,3,3
commercial,764.0,1,5,424,0
landscaping,247.8,4,2,10,2
commercial,622.8,7,4,112,0
renovation,51.5,8,1,2,3
house,133.4,5,4,21,1
landscaping,229.8,9,3,9,2
landscaping,253.7,8,5,13,2
renovation,87.0,1,5,16,3
landscaping,248.2,3,5,25,2
commercial,296.7,4,3,54,0
commercial,440.8,5,3,87,0
renovation,120.0,7,3,8,3
renovation,140.4,5,5,14,3
renovation,60.0,3,3,5,3
renovation,55.4,4,3,5,3
commercial,573.5,5,3,67,0
house,181.3,9,3,20,1
landscaping,356.3,7,2,12,2
landscaping,357.0,9,1,9,2
renovation,57.7,7,4,4,3
house,178.1,6,2,15,1
commercial,627.5,2,4,193,0
renovation,95.7,8,4,7,3
renovation,87.3,10,5,6,3
house,209.2,2,4,51,1
renovation,132.7,8,3,9,3
renovation,68.6,10,1,2,3
landscaping,88.9,7,5,6,2
commercial,466.7,5,1,56,0
commercial,379.4,1,1,89,0
landscaping,171.7,5,4,9,2
house,186.5,3,3,32,1
renovation,74.7,6,2,3,3
landscaping,179.5,3,5,15,2
renovation,96.3,8,4,5,3
renovation,56.9,4,5,5,3
renovation,68.6,6,2,4,3
commercial,614.6,5,2,64,0
landscaping,113.6,7,1,3,2
house,55.7,9,2,4,1
house,90.7,9,2,5,1
commercial,534.8,9,4,66,0
renovation,78.5,9,4,4,3
landscaping,287.3,9,3,13,2
landscaping,63.7,4,3,3,2
house,196.3,1,1,38,1
house,236.5,10,4,25,1
landscaping,32.3,6,4,2,2
house,104.6,6,2,9,1
landscaping,230.4,8,1,6,2
renovation,116.5,3,3,9,3
landscaping,294.4,5,4,18,2
house,274.0,6,4,49,1
house,217.5,1,4,90,1
landscaping,149.0,1,1,12,2
commercial,372.7,8,2,36,0
commercial,368.8,7,5,62,0
house,187.1,7,2,20,1
renovation,138.2,7,5,8,3
landscaping,316.9,2,5,29,2
commercial,528.3,4,1,47,0
landscaping,240.7,7,4,19,2
renovation,20.0,6,1,1,3
landscaping,196.4,9,4,8,2
house,156.6,8,3,16,1
renovation,106.4,10,3,6,3
commercial,882.5,1,2,319,0
house,160.1,8,2,14,1
renovation,126.0,3,3,11,3
commercial,300.7,2,3,66,0
commercial,639.0,3,4,127,0
renovation,121.5,4,4,13,3
renovation,51.1,10,5,3,3
landscaping,237.6,4,4,20,2
renovation,60.1,8,3,4,3
landscaping,134.4,8,1,3,2
commercial,222.3,9,4,32,0
commercial,517.0,10,2,29,0
house,191.2,10,3,19,1
commercial,370.2,1,3,133,0
landscaping,168.4,2,2,12,2
landscaping,135.6,7,1,5,2
renovation,64.9,10,5,4,3
house,161.3,5,5,28,1
house,167.4,10,2,11,1
renovation,39.0,5,1,2,3
renovation,107.3,7,4,7,3
commercial,881.9,3,2,183,0
renovation,94.0,5,2,6,3
house,139.6,6,5,19,1
house,157.4,1,4,47,1
commercial,584.7,7,2,93,0
house,62.8,6,4,9,1
renovation,59.1,2,4,8,3
house,129.3,8,5,22,1
commercial,284.7,10,2,30,0
house,137.3,3,5,30,1
landscaping,292.3,1,2,26,2
house,146.6,6,3,15,1
renovation,70.9,6,5,6,3
commercial,357.1,8,3,54,0
landscaping,226.9,10,5,14,2
renovation,45.6,2,2,4,3
landscaping,337.9,7,4,18,2
commercial,810.0,3,1,123,0
commercial,642.9,10,4,62,0
landscaping,149.1,7,3,5,2
renovation,71.3,6,2,3,3
landscaping,155.6,4,3,9,2
landscaping,104.0,2,3,8,2
renovation,53.7,2,4,6,3
commercial,196.5,3,2,31,0
renovation,139.7,7,4,10,3
renovation,71.0,5,2,4,3
house,51.6,7,2,4,1
renovation,89.2,9,5,5,3
renovation,25.5,3,2,2,3
commercial,700.5,4,1,106,0
house,172.6,8,3,16,1
renovation,70.7,7,3,3,3
house,232.5,1,2,65,1
house,101.8,10,3,8,1
house,114.2,7,1,7,1
landscaping,214.9,9,2,6,2
renovation,108.3,7,1,5,3
house,202.4,2,2,43,1
commercial,627.2,6,5,118,0
commercial,425.3,2,4,122,0
house,120.3,1,3,34,1
renovation,93.0,6,1,4,3
landscaping,112.1,10,4,4,2
landscaping,227.6,2,2,15,2
commercial,985.8,8,4,183,0
landscaping,107.0,1,4,13,2
house,77.9,7,2,8,1
commercial,497.8,5,5,100,0
commercial,887.5,4,3,165,0
house,216.4,7,4,28,1
house,127.0,4,2,14,1
renovation,77.7,6,4,6,3
renovation,127.0,6,5,9,3
landscaping,119.8,3,4,8,2
commercial,412.3,4,2,69,0
renovation,83.9,5,2,5,3
landscaping,169.9,10,1,4,2
renovation,49.0,10,3,2,3
house,263.3,5,2,29,1
commercial,193.0,8,1,13,0
landscaping,170.2,5,3,9,2
landscaping,217.8,4,2,12,2
commercial,309.5,10,2,28,0
renovation,107.0,3,2,8,3
commercial,833.4,2,4,319,0
renovation,30.3,9,5,2,3
renovation,48.5,8,1,2,3
renovation,88.5,4,2,5,3
commercial,573.4,8,1,43,0
landscaping,206.3,9,2,6,2
landscaping,206.1,1,3,23,2
landscaping,195.3,2,1,14,2
renovation,117.7,5,4,9,3
landscaping,201.0,10,5,14,2
renovation,87.9,10,4,5,3
renovation,93.2,4,5,8,3
landscaping,72.6,4,4,5,2
renovation,33.8,5,4,3,3
house,210.6,6,4,36,1
landscaping,193.3,5,5,7,2
commercial,807.0,1,5,364,0
commercial,616.8,6,5,90,0
commercial,766.4,6,2,104,0
house,128.2,7,3,9,1
commercial,493.7,6,2,67,0
landscaping,155.0,1,1,14,2
renovation,116.2,3,1,8,3
commercial,668.6,4,5,197,0
landscaping,242.6,6,3,12,2
renovation,83.5,9,4,5,3
landscaping,315.6,3,4,24,2
landscaping,404.4,9,4,16,2
landscaping,294.4,10,2,12,2
commercial,508.1,3,4,144,0
renovation,51.0,3,3,5,3
landscaping,135.8,7,5,9,2
landscaping,247.9,3,5,19,2
house,98.7,6,4,16,1
commercial,540.6,10,3,70,0
landscaping,217.4,9,2,6,2
house,140.9,4,3,19,1
renovation,50.7,4,5,5,3
house,60.3,5,4,7,1
renovation,85.2,2,1,7,3
house,121.5,2,3,22,1
landscaping,132.9,2,4,11,2
house,225.0,4,1,25,1
commercial,699.2,3,5,210,0
landscaping,214.8,9,2,8,2
landscaping,138.3,4,5,10,2
house,50.4,7,1,4,1
landscaping,150.1,2,4,12,2
landscaping,239.3,5,5,17,2
house,100.8,8,3,8,1
house,169.9,7,1,12,1
renovation,59.8,2,4,7,3
commercial,390.0,3,3,84,0
renovation,41.2,1,4,7,3
commercial,447.1,2,4,111,0
house,111.7,2,4,26,1
commercial,748.2,9,5,135,0
commercial,612.5,7,4,96,0
landscaping,245.9,9,2,6,2
house,171.7,5,2,20,1
house,72.8,7,2,7,1
commercial,586.2,3,4,135,0
commercial,431.2,10,4,65,0
commercial,354.5,8,5,63,0
commercial,531.3,5,1,71,0
commercial,535.1,5,4,84,0
house,195.6,8,1,10,1
house,182.3,9,4,22,1
house,157.9,5,3,19,1
house,133.3,2,3,23,1
landscaping,291.8,9,4,11,2
landscaping,119.2,2,3,9,2
renovation,125.9,7,5,10,3
house,86.9,10,5,11,1
renovation,113.5,2,1,8,3
commercial,600.5,6,5,116,0
landscaping,384.6,7,3,16,2
renovation,61.9,1,3,11,3
landscaping,227.2,1,5,36,2
renovation,89.2,8,5,7,3
renovation,84.7,3,4,9,3
house,120.9,7,3,11,1
commercial,133.7,2,1,21,0
house,278.5,2,3,45,1
commercial,490.2,2,4,149,0
commercial,675.9,9,5,94,0
renovation,47.1,1,4,8,3
house,103.6,10,2,9,1
house,58.0,6,5,9,1
commercial,628.1,7,5,121,0
commercial,322.1,8,5,69,0
commercial,492.4,1,4,218,0
renovation,108.1,2,5,16,3
commercial,588.4,6,3,108,0
house,86.5,2,4,21,1
landscaping,134.8,6,5,7,2
renovation,96.8,10,1,3,3
landscaping,179.7,9,4,8,2
commercial,417.4,10,4,65,0
house,144.6,4,2,20,1
commercial,595.9,10,5,97,0
renovation,68.1,3,1,4,3
renovation,55.3,10,5,3,3
landscaping,364.0,10,4,15,2
landscaping,201.2,6,4,10,2
commercial,742.6,5,5,178,0
renovation,106.0,9,2,4,3
landscaping,121.1,2,1,6,2
house,246.3,7,3,22,1
renovation,68.8,4,5,6,3
commercial,664.3,8,1,61,0
landscaping,149.8,3,1,8,2
commercial,475.3,3,1,76,0
house,136.6,3,2,20,1
landscaping,171.2,1,5,35,2
house,165.6,4,1,17,1
renovation,89.9,9,1,3,3
renovation,84.8,3,2,8,3
landscaping,229.9,3,2,13,2
landscaping,295.4,8,3,10,2
landscaping,275.8,7,1,7,2
house,201.5,8,4,27,1
commercial,487.1,8,3,66,0
house,209.6,7,1,15,1
commercial,535.7,2,4,197,0
house,274.3,3,5,62,1
landscaping,242.7,3,4,21,2
renovation,116.5,1,4,24,3
landscaping,225.1,6,2,7,2
commercial,459.2,2,4,130,0
commercial,316.7,9,2,30,0
landscaping,204.8,4,1,8,2
house,147.0,9,5,19,1
renovation,75.7,7,5,5,3
house,140.9,9,5,17,1
landscaping,311.9,3,5,25,2
landscaping,234.5,1,2,25,2
commercial,516.9,2,1,119,0
commercial,405.3,3,1,67,0
house,131.5,9,2,8,1
house,184.8,6,2,26,1
commercial,665.9,1,2,242,0
commercial,476.0,8,4,82,0
landscaping,193.3,1,4,25,2
renovation,76.8,2,5,10,3
house,245.2,10,1,14,1
commercial,640.8,10,2,76,0
renovation,99.4,6,2,4,3
house,138.0,2,3,32,1
house,101.2,10,3,11,1
landscaping,158.0,8,3,7,2
renovation,83.5,7,3,4,3
renovation,26.9,3,5,3,3
renovation,87.9,1,2,14,3
commercial,681.8,8,3,98,0
landscaping,123.1,2,3,8,2
renovation,94.6,6,5,7,3
house,139.9,6,2,14,1
landscaping,172.7,7,4,9,2
house,100.3,4,3,12,1
renovation,64.6,5,4,4,3
renovation,49.7,1,5,13,3
renovation,73.4,1,2,8,3
house,130.9,7,3,14,1
house,151.7,10,1,12,1
landscaping,196.4,10,3,7,2
commercial,786.9,1,1,247,0
house,209.1,7,1,17,1
house,244.5,6,2,26,1
commercial,607.5,5,4,136,0
house,173.0,10,3,15,1
landscaping,211.1,1,3,27,2
renovation,20.0,2,5,3,3
commercial,423.4,10,1,28,0
commercial,528.6,5,1,56,0
house,78.6,1,1,16,1
landscaping,115.1,9,4,5,2
house,158.7,8,2,12,1
commercial,432.7,8,2,38,0
house,168.5,4,5,34,1
house,95.1,1,5,28,1
commercial,500.1,8,3,65,0
landscaping,77.4,3,2,4,2
landscaping,356.3,1,2,34,2
landscaping,24.3,10,3,1,2
house,119.9,8,3,9,1
commercial,601.3,8,4,100,0
landscaping,212.8,4,5,17,2
renovation,63.3,10,2,3,3
landscaping,140.6,4,1,7,2
renovation,37.5,7,1,2,3
renovation,77.7,3,4,8,3
landscaping,129.3,10,4,3,2
house,99.3,2,4,26,1
renovation,20.0,8,2,1,3
renovation,108.8,2,4,14,3
landscaping,253.7,8,2,11,2
landscaping,204.8,2,4,20,2
house,118.0,4,2,22,1
landscaping,228.9,5,3,14,2
landscaping,293.2,6,4,16,2
commercial,775.0,3,2,120,0
house,165.7,3,5,46,1
renovation,98.9,8,2,3,3
landscaping,129.7,7,2,5,2
landscaping,305.1,1,1,24,2
commercial,562.2,7,4,67,0
renovation,68.1,6,1,2,3
landscaping,120.1,1,2,12,2
renovation,63.6,9,4,3,3
house,70.7,5,4,9,1
renovation,62.3,4,5,7,3
renovation,137.7,6,2,6,3
house,132.4,7,4,17,1
landscaping,78.8,10,5,3,2
landscaping,268.0,10,1,6,2
commercial,478.8,10,5,95,0
landscaping,154.6,7,1,4,2
commercial,640.3,4,4,158,0
landscaping,174.2,9,4,7,2
renovation,83.5,7,2,4,3
house,208.9,2,1,28,1
house,146.9,2,5,36,1
renovation,41.5,8,5,4,3
renovation,56.6,4,1,3,3
commercial,537.2,1,5,311,0
landscaping,296.0,2,5,32,2
renovation,128.6,6,1,5,3
landscaping,269.9,5,2,12,2
renovation,74.5,3,2,5,3
landscaping,256.1,2,3,29,2
landscaping,191.7,6,4,11,2
renovation,67.6,7,4,5,3
house,198.1,5,3,24,1
renovation,50.7,2,2,5,3
landscaping,215.1,3,4,17,2
house,88.2,10,5,10,1
house,149.4,1,3,43,1
commercial,422.3,4,5,101,0
renovation,78.2,5,1,3,3
landscaping,20.0,4,4,1,2
landscaping,181.5,10,3,5,2
renovation,138.0,7,1,5,3
landscaping,131.0,6,3,5,2
renovation,120.5,9,4,8,3
renovation,71.2,5,2,5,3
commercial,729.2,4,5,161,0
house,131.0,10,4,13,1
landscaping,180.6,7,2,5,2
house,119.6,3,2,16,1
renovation,89.2,6,4,5,3
house,181.8,7,2,12,1
house,203.5,8,3,24,1
commercial,678.3,10,1,56,0
commercial,410.1,4,3,98,0
renovation,103.7,2,4,14,3
house,181.3,10,5,23,1
landscaping,51.0,2,5,6,2
house,209.7,4,4,43,1
landscaping,187.8,7,1,7,2
landscaping,184.3,2,5,18,2
commercial,498.1,7,5,98,0
renovation,134.4,3,5,15,3
landscaping,302.3,1,1,26,2
house,126.1,4,5,25,1
landscaping,166.7,4,2,8,2
house,162.6,1,4,46,1
renovation,81.9,9,1,2,3
commercial,719.5,8,4,86,0
landscaping,277.8,5,5,19,2
renovation,89.7,3,1,5,3
house,211.6,3,1,25,1
landscaping,183.6,6,5,9,2
commercial,483.6,7,3,81,0
house,192.3,1,5,74,1
renovation,85.4,6,2,5,3
renovation,80.9,4,3,6,3
house,170.9,6,3,19,1
commercial,21.6,4,1,3,0
house,146.2,8,5,19,1
renovation,88.0,2,1,6,3
renovation,61.7,1,1,7,3
commercial,487.5,3,3,104,0
commercial,752.8,5,1,74,0
house,64.1,7,4,8,1
renovation,94.8,2,3,10,3
commercial,428.0,8,2,52,0
commercial,304.2,9,3,37,0
house,188.0,4,1,18,1
landscaping,223.3,6,4,8,2
house,71.3,9,4,6,1
renovation,49.8,6,4,3,3
landscaping,321.8,10,1,8,2
landscaping,171.7,7,2,7,2
renovation,89.9,3,2,7,3
landscaping,276.7,5,2,13,2
landscaping,164.6,10,3,6,2
commercial,494.1,1,5,219,0
landscaping,120.6,3,5,12,2
landscaping,122.1,3,5,12,2
landscaping,85.3,5,3,3,2
commercial,404.5,4,5,76,0
commercial,281.3,1,3,115,0
house,63.9,10,3,5,1
commercial,552.1,8,5,102,0
landscaping,212.9,8,2,6,2
house,84.5,3,3,10,1
landscaping,268.9,7,5,11,2
landscaping,341.8,3,3,24,2
house,51.7,9,4,6,1
house,146.1,7,1,10,1
house,170.2,6,2,18,1
landscaping,167.2,1,5,26,2
landscaping,348.7,6,2,16,2
commercial,643.2,6,5,120,0
house,62.9,10,2,4,1
commercial,698.9,1,3,291,0
renovation,82.4,9,3,5,3
house,194.4,4,5,38,1
commercial,699.1,10,2,55,0
commercial,362.7,7,4,47,0
renovation,78.6,3,1,5,3
landscaping,267.2,3,4,16,2
renovation,53.0,4,3,3,3
house,126.9,6,2,10,1
commercial,554.5,1,3,191,0
commercial,475.0,3,3,117,0
renovation,96.2,10,5,7,3
house,97.1,10,2,5,1
landscaping,254.0,6,1,8,2
commercial,61.8,5,5,13,0
renovation,50.3,8,5,4,3
renovation,58.7,5,3,4,3
landscaping,199.6,2,3,17,2
renovation,163.3,6,1,7,3
commercial,353.1,7,5,47,0
landscaping,183.0,9,5,11,2
landscaping,339.2,10,5,18,2
renovation,65.2,6,5,5,3
renovation,76.1,6,4,6,3
landscaping,301.4,1,1,25,2
house,146.9,1,3,45,1
landscaping,324.6,5,2,15,2
commercial,276.1,10,2,32,0
house,181.4,7,2,20,1
renovation,89.7,6,5,9,3
renovation,86.2,2,4,10,3
renovation,99.1,4,1,6,3
house,160.0,4,5,30,1
renovation,98.9,7,3,5,3
landscaping,197.3,10,5,7,2
house,183.2,3,1,18,1
renovation,124.0,3,4,14,3
commercial,468.3,7,1,55,0
renovation,94.7,4,4,7,3
renovation,50.5,1,4,10,3
landscaping,266.8,10,3,7,2
house,141.0,8,3,12,1
house,125.6,9,2,12,1
renovation,58.5,7,5,4,3
renovation,72.2,3,1,4,3
commercial,718.1,1,3,322,0
renovation,47.3,4,2,3,3
commercial,601.0,2,4,176,0
landscaping,79.2,3,5,7,2
house,144.2,1,5,47,1
house,181.9,4,4,24,1
renovation,92.3,2,1,7,3
commercial,706.1,4,2,102,0
renovation,88.3,3,3,7,3
renovation,53.1,10,2,2,3
renovation,103.8,9,1,3,3
renovation,75.4,1,4,12,3
landscaping,200.5,5,5,15,2
commercial,398.6,1,3,147,0
renovation,99.6,10,1,3,3
house,137.3,3,4,24,1
house,176.8,3,1,21,1
renovation,86.3,2,2,7,3
house,140.6,10,3,15,1
commercial,772.8,7,3,88,0
house,154.9,8,5,19,1
renovation,92.7,10,4,6,3
house,101.1,2,2,19,1
renovation,58.0,8,2,2,3
house,197.0,8,3,24,1
commercial,530.8,3,2,106,0
renovation,105.0,1,3,18,3
house,105.6,7,2,11,1
landscaping,146.6,5,5,9,2
house,72.8,1,3,19,1
commercial,523.0,5,2,72,0
landscaping,205.6,1,1,21,2
renovation,101.2,2,2,9,3
landscaping,326.4,10,1,9,2
commercial,359.1,6,2,41,0
commercial,536.5,3,2,108,0
house,104.5,5,3,18,1
house,133.8,2,3,22,1
renovation,96.8,10,3,3,3
renovation,119.9,3,3,8,3
renovation,42.3,4,5,5,3
house,201.6,2,4,58,1
house,127.6,8,3,13,1
renovation,106.9,3,4,13,3
commercial,245.7,7,2,24,0
renovation,71.8,3,2,6,3
renovation,89.3,2,1,6,3
renovation,100.0,5,3,7,3
renovation,81.9,4,4,6,3
house,210.5,10,4,26,1
commercial,598.0,8,5,114,0
house,51.1,1,5,22,1
commercial,644.6,7,5,124,0
house,169.0,5,5,28,1
landscaping,136.8,2,1,8,2
renovation,58.3,9,1,2,3
commercial,290.8,3,4,79,0
landscaping,136.7,6,5,8,2
house,175.9,5,4,28,1
commercial,633.5,1,2,177,0
landscaping,130.5,10,1,3,2
renovation,83.4,9,2,4,3
commercial,550.1,2,4,150,0
house,86.5,9,2,8,1
landscaping,162.5,4,2,9,2
house,140.0,10,2,9,1
house,129.8,1,1,26,1
house,144.3,1,2,27,1
renovation,154.4,5,5,16,3
renovation,116.3,7,2,6,3
house,144.9,1,3,28,1
commercial,541.0,2,4,189,0
house,136.7,5,3,16,1
commercial,382.6,1,3,156,0
renovation,66.1,3,1,4,3
house,145.0,1,1,30,1
renovation,127.5,2,1,9,3
landscaping,106.0,4,1,5,2
commercial,222.2,2,5,82,0
renovation,96.6,7,2,5,3
commercial,625.5,10,1,49,0
renovation,54.6,8,5,4,3
commercial,487.5,4,2,81,0
renovation,107.7,3,4,9,3
renovation,68.6,5,4,6,3
commercial,719.6,1,4,299,0
renovation,55.7,5,5,5,3
commercial,460.0,2,4,148,0
commercial,779.4,6,3,138,0
renovation,20.0,2,3,3,3
landscaping,223.7,7,2,9,2
renovation,150.1,3,3,13,3
commercial,305.5,7,4,55,0
commercial,364.6,6,5,79,0
landscaping,243.9,8,1,7,2
house,123.3,2,3,25,1
landscaping,163.8,2,5,16,2
house,100.1,1,3,29,1
landscaping,279.5,2,3,27,2
renovation,66.0,9,3,3,3
landscaping,204.3,10,3,8,2
landscaping,119.0,8,2,3,2
renovation,72.4,4,5,6,3
house,128.4,7,2,12,1
house,119.7,8,4,17,1
commercial,337.6,5,2,46,0
renovation,120.0,5,3,6,3
landscaping,166.3,4,3,8,2
landscaping,118.9,7,5,5,2
commercial,519.6,10,1,37,0
landscaping,104.3,10,1,2,2
landscaping,209.7,7,3,8,2
landscaping,179.0,3,4,12,2
house,146.4,6,3,20,1
house,169.5,8,4,20,1
house,158.5,2,5,45,1
house,178.9,1,4,71,1
commercial,548.0,1,3,247,0
landscaping,226.1,5,1,6,2
renovation,54.4,9,3,3,3
renovation,76.3,4,2,5,3
house,200.5,8,2,14,1
renovation,81.4,6,5,6,3
commercial,717.4,1,4,331,0
renovation,52.2,1,5,9,3
house,242.9,10,3,25,1
house,117.9,8,2,10,1
house,144.3,10,1,10,1
house,185.6,10,1,17,1
landscaping,227.9,8,3,10,2
house,206.2,7,4,31,1
landscaping,186.1,8,1,5,2
renovation,63.3,7,2,3,3
renovation,81.3,9,2,4,3
house,99.3,9,4,10,1
house,258.6,2,4,67,1
landscaping,117.4,1,4,14,2
renovation,42.9,8,3,3,3
house,161.6,9,3,17,1
commercial,562.0,3,5,175,0
commercial,599.8,8,1,41,0
landscaping,266.2,10,4,13,2
landscaping,292.4,8,4,14,2
renovation,132.0,2,4,11,3
landscaping,102.7,5,5,6,2
house,110.7,7,1,9,1
commercial,433.0,9,2,37,0
commercial,561.3,4,3,107,0
renovation,66.9,5,2,3,3
landscaping,138.2,10,4,7,2
renovation,53.1,9,4,4,3
house,166.7,5,1,18,1
renovation,82.5,6,3,4,3
landscaping,206.9,2,2,13,2
commercial,278.6,6,4,65,0
renovation,80.0,8,1,3,3
house,125.0,2,1,17,1
landscaping,256.4,10,3,10,2
landscaping,263.3,1,4,37,2
commercial,705.8,6,3,118,0
house,170.0,5,1,15,1
landscaping,330.5,8,3,14,2
commercial,967.8,3,2,170,0
landscaping,101.3,1,1,6,2
landscaping,213.6,7,1,6,2
house,137.1,10,1,8,1
house,136.3,3,4,26,1
landscaping,63.3,3,2,4,2
house,169.6,2,1,25,1
commercial,648.8,2,5,277,0
landscaping,250.5,5,4,15,2
landscaping,166.0,5,2,8,2
house,189.9,7,2,14,1
commercial,564.1,9,5,95,0
house,148.0,9,1,7,1
commercial,270.4,10,4,42,0
commercial,554.6,4,1,50,0
landscaping,235.2,4,5,13,2
renovation,57.0,9,2,2,3
commercial,298.0,6,4,58,0
house,47.0,9,2,4,1
commercial,110.6,8,4,22,0
house,160.9,8,4,18,1
house,202.0,9,3,14,1
house,20.0,1,3,6,1
house,138.6,8,3,17,1
commercial,429.9,3,4,148,0
landscaping,224.2,8,1,6,2
house,64.5,9,1,5,1
renovation,101.7,7,3,6,3
renovation,62.1,1,2,8,3
renovation,108.9,10,3,7,3
landscaping,182.0,6,3,7,2
renovation,69.0,10,2,3,3
commercial,758.8,1,5,365,0
renovation,147.0,9,2,5,3
landscaping,112.3,6,3,6,2
landscaping,152.0,4,4,8,2
renovation,39.5,2,4,5,3
house,122.7,2,3,22,1
renovation,93.1,8,1,4,3
commercial,750.5,7,5,125,0
landscaping,303.7,1,4,37,2
house,247.0,8,2,25,1
renovation,143.4,1,3,23,3
commercial,502.6,1,2,152,0
renovation,35.9,3,4,3,3
renovation,60.8,10,2,3,3
landscaping,130.3,10,2,5,2
renovation,112.7,1,1,11,3
landscaping,361.1,8,5,21,2
landscaping,20.0,2,4,2,2
renovation,72.3,3,5,10,3
landscaping,178.2,1,2,20,2
renovation,60.3,1,2,7,3
renovation,75.0,9,2,3,3
landscaping,235.7,9,5,10,2
renovation,75.6,1,2,11,3
commercial,615.0,7,5,137,0
renovation,31.7,6,1,1,3
commercial,745.1,7,2,88,0
commercial,355.2,1,3,134,0
landscaping,159.0,9,5,7,2
renovation,69.6,5,4,6,3
landscaping,115.7,3,2,7,2
house,163.0,10,2,12,1
house,181.0,4,4,14,1
house,218.2,2,4,47,1
renovation,85.0,10,4,6,3
house,166.0,1,4,49,1
commercial,871.6,3,5,295,0
commercial,615.6,9,2,71,0
landscaping,100.6,5,1,3,2
commercial,477.7,5,1,68,0
landscaping,258.4,3,1,12,2
renovation,157.2,10,2,4,3
renovation,80.9,1,5,14,3
landscaping,267.4,5,2,12,2
commercial,770.2,5,3,101,0
landscaping,337.4,2,2,28,2
renovation,69.3,4,5,6,3
house,203.2,7,1,14,1
commercial,718.4,9,3,71,0
landscaping,97.7,9,3,3,2
commercial,512.5,7,5,85,0
house,165.3,3,1,15,1
house,106.8,2,3,25,1
house,83.4,6,2,8,1
landscaping,205.3,10,3,7,2
renovation,62.9,3,2,4,3
commercial,685.2,2,4,210,0
commercial,478.8,10,2,60,0
renovation,56.9,3,4,4,3
landscaping,94.9,6,1,3,2
landscaping,233.5,5,4,15,2
house,88.2,4,4,18,1
commercial,314.1,5,4,62,0
landscaping,210.8,9,4,11,2
landscaping,278.6,10,2,7,2
house,88.2,8,3,9,1
house,51.0,5,2,5,1
renovation,56.0,9,1,2,3
renovation,70.2,1,1,7,3
landscaping,170.1,2,1,9,2
landscaping,280.0,5,1,10,2
commercial,533.6,6,1,37,0
renovation,84.0,7,1,4,3
house,131.1,4,2,21,1
renovation,136.0,9,4,9,3
commercial,419.6,4,1,46,0
commercial,533.1,8,1,39,0
renovation,70.5,5,5,4,3
house,124.7,4,5,28,1
commercial,765.7,6,4,116,0
renovation,48.4,10,1,1,3
commercial,415.9,1,5,211,0
commercial,315.5,3,5,112,0
commercial,350.8,3,1,47,0
renovation,90.9,7,3,4,3
house,187.5,2,3,33,1
house,110.5,4,1,13,1
landscaping,235.2,10,4,8,2
landscaping,143.0,2,4,18,2
landscaping,362.9,5,1,14,2
commercial,305.4,9,3,41,0
landscaping,251.2,1,1,21,2
commercial,515.1,3,3,131,0
commercial,444.2,1,2,105,0
renovation,20.0,9,2,1,3
commercial,717.5,8,3,106,0
landscaping,102.6,3,1,5,2
landscaping,358.1,5,2,13,2
house,164.9,1,1,26,1
renovation,54.8,4,5,6,3
landscaping,253.7,6,2,14,2
house,149.6,1,1,30,1
commercial,725.0,2,1,98,0
renovation,83.4,4,2,6,3
house,174.3,7,4,21,1
renovation,72.7,5,4,6,3
house,159.2,7,5,21,1
house,225.1,3,2,31,1
renovation,56.7,1,1,6,3
renovation,96.0,2,2,8,3
landscaping,124.8,6,2,5,2
commercial,565.6,7,1,64,0
house,183.6,5,4,32,1
renovation,84.5,8,5,6,3
house,216.7,1,4,78,1
commercial,665.8,3,3,134,0
renovation,22.1,5,4,2,3
renovation,20.0,5,3,1,3
renovation,55.5,3,3,6,3
house,130.5,10,5,16,1
landscaping,152.6,4,2,10,2
house,125.6,4,2,12,1
house,158.2,9,1,11,1
house,166.6,9,2,13,1
renovation,101.4,3,4,11,3
house,140.5,6,2,11,1
commercial,309.8,10,1,24,0
house,145.8,7,3,11,1
commercial,626.9,2,1,113,0
commercial,513.7,6,1,40,0
landscaping,235.4,10,4,10,2
landscaping,211.7,1,2,24,2
commercial,494.9,10,1,39,0
commercial,431.4,3,2,55,0
house,214.0,7,4,26,1
renovation,107.0,7,2,6,3
house,168.1,1,3,50,1
renovation,85.7,1,4,17,3
landscaping,70.1,6,1,2,2
renovation,28.6,6,5,2,3
commercial,485.8,10,5,70,0
renovation,83.1,7,2,4,3
landscaping,216.8,5,4,12,2
house,179.0,6,1,17,1
renovation,119.1,9,1,4,3
landscaping,209.2,1,4,27,2
house,152.8,1,1,32,1
house,147.7,2,2,20,1
house,140.2,4,5,22,1
house,123.3,2,3,26,1
commercial,693.3,2,5,220,0
renovation,125.1,7,4,8,3
renovation,51.9,8,1,2,3
renovation,96.6,3,3,7,3
renovation,100.9,9,3,4,3
house,214.5,7,1,16,1
house,226.5,3,3,43,1
house,161.2,1,5,56,1
renovation,88.9,8,4,5,3
house,93.0,2,1,16,1
landscaping,190.0,2,2,8,2
landscaping,147.5,9,1,3,2
commercial,414.6,3,1,52,0
commercial,250.0,2,5,85,0
commercial,871.5,1,3,393,0
house,215.1,5,3,24,1
landscaping,111.7,2,1,7,2
commercial,479.0,5,3,67,0
landscaping,105.8,8,1,4,2
house,143.2,1,5,47,1
commercial,1085.5,4,3,175,0
house,139.8,8,5,18,1
landscaping,89.5,3,5,6,2
landscaping,337.8,10,2,11,2
landscaping,122.0,5,2,6,2
commercial,576.2,3,5,175,0
commercial,350.0,10,2,30,0
landscaping,327.6,1,3,36,2
commercial,176.4,5,5,42,0
commercial,524.1,10,3,62,0
renovation,109.4,7,4,8,3
commercial,221.8,3,1,31,0
renovation,101.4,1,5,20,3
renovation,93.5,6,1,5,3
house,151.9,1,5,66,1
landscaping,187.8,2,4,20,2
renovation,68.2,1,2,9,3
house,171.5,7,4,24,1
renovation,94.3,1,5,15,3
house,182.3,4,4,25,1
renovation,60.7,1,4,12,3
commercial,699.1,1,4,233,0
landscaping,220.3,4,2,9,2
landscaping,263.9,3,2,16,2
house,166.2,2,5,45,1
commercial,308.5,9,5,59,0
renovation,69.5,3,1,4,3
commercial,470.9,5,4,76,0
landscaping,66.7,9,1,1,2
renovation,66.9,9,2,3,3
house,185.2,3,3,28,1
renovation,132.0,8,1,4,3
commercial,666.0,4,2,88,0
landscaping,268.1,7,1,9,2
commercial,695.1,8,1,64,0
renovation,66.6,4,4,6,3
landscaping,235.8,4,3,12,2
landscaping,236.3,4,1,10,2
landscaping,313.3,9,1,7,2
commercial,898.3,8,2,108,0
house,110.1,6,1,9,1
commercial,405.0,10,1,39,0
renovation,108.2,2,2,8,3
house,178.0,9,1,11,1
commercial,183.6,9,3,26,0
landscaping,47.4,1,5,7,2
landscaping,149.5,3,3,10,2
house,258.9,9,1,17,1
renovation,87.5,4,5,9,3
house,200.4,5,3,26,1
commercial,532.5,10,1,37,0
house,114.9,5,5,14,1
renovation,84.5,4,1,6,3
house,202.7,2,5,59,1
commercial,664.0,4,5,186,0
house,112.2,7,5,17,1
house,38.0,9,3,4,1
landscaping,260.9,5,5,19,2
house,123.8,8,3,11,1
renovation,159.3,1,5,35,3
house,152.5,3,3,28,1
house,61.3,1,4,20,1
renovation,96.0,9,3,6,3
commercial,632.5,9,3,82,0
commercial,680.8,5,5,129,0
renovation,39.9,4,4,4,3
commercial,809.7,3,1,127,0
house,116.0,6,2,8,1
landscaping,136.5,3,2,8,2
landscaping,231.9,8,3,10,2
house,153.6,8,4,20,1
commercial,546.6,5,2,70,0
commercial,613.5,8,4,119,0
house,163.8,3,2,22,1
house,120.2,2,2,20,1
house,142.3,4,1,12,1
commercial,193.0,6,1,19,0
house,210.1,8,5,37,1
commercial,504.2,6,3,83,0
house,83.0,6,5,15,1
renovation,55.9,10,3,2,3
commercial,640.5,3,5,222,0
house,159.3,4,1,17,1
landscaping,28.9,6,5,2,2
house,101.7,1,4,42,1
renovation,118.7,3,4,14,3
renovation,92.9,7,1,4,3
landscaping,182.9,10,5,10,2
commercial,644.9,3,2,127,0
house,240.1,2,1,27,1
house,154.6,2,1,16,1
commercial,528.7,2,1,110,0
renovation,127.4,5,3,8,3
renovation,20.0,4,2,1,3
commercial,567.5,1,3,207,0
house,26.8,3,2,3,1
house,146.9,3,2,18,1
commercial,244.4,8,3,37,0
commercial,541.6,7,5,86,0
landscaping,176.1,10,2,5,2
house,56.0,10,2,5,1
renovation,121.1,7,1,5,3
landscaping,207.1,2,4,22,2
renovation,68.0,6,2,4,3
commercial,505.6,3,5,126,0
renovation,58.2,2,5,10,3
landscaping,299.6,7,3,13,2
landscaping,187.8,7,5,14,2
renovation,29.0,4,3,2,3
renovation,112.6,7,5,8,3
commercial,558.2,7,4,88,0
commercial,616.0,3,1,107,0
commercial,348.8,4,1,48,0
commercial,329.4,4,3,68,0
house,182.9,5,1,15,1
landscaping,243.0,8,1,7,2
commercial,437.9,6,2,50,0
renovation,49.9,10,3,2,3
house,98.8,10,3,8,1
renovation,141.1,7,3,9,3
renovation,94.4,8,4,7,3
commercial,978.4,5,5,194,0
renovation,77.7,10,5,5,3
commercial,459.8,3,3,96,0
renovation,43.7,9,1,2,3
house,173.2,3,3,34,1
commercial,436.3,10,5,54,0
commercial,400.3,8,5,80,0
commercial,261.8,2,2,65,0
house,155.6,3,4,31,1
commercial,691.8,1,2,259,0
landscaping,44.2,4,5,4,2
renovation,77.9,9,4,5,3
house,88.0,6,2,9,1
renovation,55.5,5,2,4,3
renovation,56.4,10,5,3,3
house,125.4,5,4,15,1
house,180.7,2,3,39,1
renovation,90.5,5,3,6,3
renovation,104.3,7,1,4,3
house,128.4,5,3,21,1
house,142.8,1,3,40,1
renovation,94.9,6,4,6,3
commercial,229.2,5,5,57,0
landscaping,198.9,1,1,15,2
landscaping,61.4,2,1,4,2
renovation,73.9,9,2,3,3
renovation,87.4,10,5,7,3
house,109.0,9,2,8,1
landscaping,189.9,3,1,10,2
commercial,919.7,6,2,95,0
commercial,618.0,10,5,94,0
landscaping,364.6,10,2,9,2
landscaping,158.8,4,4,10,2
commercial,484.1,4,2,83,0
renovation,79.9,6,3,6,3
renovation,50.9,3,2,5,3
commercial,684.7,6,1,67,0
landscaping,270.4,7,1,6,2
landscaping,170.7,9,4,8,2
renovation,48.0,4,5,7,3
commercial,587.9,6,3,90,0
renovation,73.3,3,2,6,3
renovation,133.6,6,3,9,3
landscaping,152.6,3,2,10,2
house,154.4,8,3,15,1
landscaping,287.8,6,3,13,2
renovation,73.5,9,1,2,3
commercial,475.4,1,4,212,0
landscaping,194.9,7,4,12,2
house,101.3,3,3,15,1
house,116.5,1,1,19,1
house,88.1,6,1,6,1
renovation,47.0,1,5,9,3
house,181.9,6,3,27,1
commercial,781.8,1,1,188,0
commercial,712.4,4,5,176,0
house,46.4,4,2,6,1
landscaping,224.7,6,2,9,2
commercial,345.8,10,3,34,0
house,105.7,6,3,12,1
renovation,20.0,5,3,1,3
renovation,96.2,2,3,12,3
house,209.3,2,5,45,1
renovation,116.8,5,5,9,3
house,144.5,7,4,17,1
landscaping,98.5,10,1,3,2
landscaping,169.6,5,3,8,2
renovation,106.8,4,5,8,3
landscaping,198.2,10,5,11,2
house,99.4,8,1,7,1
house,90.9,8,1,7,1
commercial,426.3,2,3,128,0
commercial,638.9,5,2,96,0
landscaping,164.1,5,5,11,2
house,167.0,8,2,15,1
renovation,94.5,9,5,7,3
landscaping,316.6,3,3,22,2
landscaping,222.4,10,3,5,2
renovation,108.4,3,2,8,3
landscaping,259.2,10,4,10,2
commercial,279.6,8,1,26,0
renovation,52.1,5,4,5,3
house,144.6,6,5,26,1
renovation,85.5,4,3,5,3
house,223.8,7,2,20,1
house,180.9,2,4,45,1
house,157.9,6,3,22,1
commercial,485.3,9,1,48,0
landscaping,167.2,6,5,12,2
house,199.0,9,4,26,1
house,106.0,1,5,41,1
landscaping,272.2,2,3,27,2
renovation,45.8,8,3,2,3
commercial,604.3,8,3,49,0
commercial,410.5,6,4,81,0
landscaping,277.5,3,5,18,2
renovation,24.1,8,5,2,3
house,193.0,10,5,21,1
landscaping,180.5,2,4,20,2
renovation,20.0,3,3,2,3
landscaping,126.5,9,3,4,2
landscaping,74.5,10,3,3,2
renovation,58.8,5,5,5,3
landscaping,198.3,3,4,11,2
landscaping,271.8,5,5,22,2
house,66.6,1,1,14,1
landscaping,243.3,1,3,26,2
commercial,339.8,8,1,34,0
landscaping,218.5,8,1,6,2
renovation,67.8,3,1,3,3
landscaping,164.2,8,3,5,2
house,162.8,10,5,25,1
commercial,528.8,4,5,131,0
commercial,446.3,5,1,53,0
renovation,82.7,5,5,7,3
renovation,80.5,7,1,3,3
house,157.9,6,2,18,1
renovation,94.2,1,5,17,3
landscaping,181.0,5,3,10,2
renovation,114.0,7,5,8,3
landscaping,193.5,5,5,15,2
commercial,791.2,5,2,112,0
renovation,78.6,4,5,7,3
commercial,569.3,5,3,98,0
house,225.7,10,4,17,1
house,192.7,4,5,43,1
renovation,97.0,7,4,8,3
renovation,95.2,7,4,7,3
house,162.7,5,2,16,1
landscaping,42.2,4,3,3,2
commercial,423.7,9,5,75,0
house,148.0,7,5,24,1
renovation,20.4,9,4,1,3
landscaping,98.4,2,3,8,2
renovation,86.1,2,4,10,3
house,101.8,2,3,18,1
commercial,447.1,1,1,123,0
commercial,574.2,9,5,89,0
commercial,681.6,3,4,185,0
landscaping,219.2,5,1,8,2
house,87.9,10,5,8,1
commercial,640.0,8,4,108,0
house,233.9,9,1,13,1
renovation,73.5,5,5,8,3
house,194.1,8,4,23,1
renovation,80.3,3,2,5,3
landscaping,235.1,9,4,11,2
renovation,109.3,10,5,6,3
house,170.0,3,3,28,1
landscaping,184.0,10,3,8,2
landscaping,68.8,9,1,2,2
house,46.3,7,1,3,1
landscaping,339.1,3,2,16,2
landscaping,119.4,9,5,6,2
landscaping,86.1,10,5,4,2
renovation,21.1,5,4,1,3
commercial,898.4,6,5,234,0
commercial,481.5,3,4,123,0
renovation,79.8,2,3,7,3
commercial,499.8,3,4,102,0
house,92.4,4,5,18,1
house,230.2,3,4,38,1
renovation,77.6,2,1,6,3
landscaping,110.3,9,2,2,2
renovation,46.4,6,4,3,3
house,95.8,5,2,11,1
landscaping,277.9,5,3,12,2
renovation,114.7,1,4,23,3
landscaping,146.6,4,2,9,2
landscaping,108.5,10,4,4,2
landscaping,187.2,2,1,8,2
commercial,536.1,3,2,87,0
house,200.5,4,4,51,1
commercial,652.8,3,2,120,0
landscaping,150.1,6,2,5,2
commercial,356.0,9,5,49,0
renovation,108.4,10,3,5,3
renovation,88.0,5,3,4,3
renovation,81.2,6,5,6,3
landscaping,145.1,10,4,7,2
landscaping,285.5,3,5,20,2
renovation,67.7,10,5,4,3
landscaping,160.3,8,2,7,2
landscaping,113.6,3,4,9,2
landscaping,126.7,6,4,6,2
renovation,83.5,2,4,8,3
landscaping,165.6,1,1,10,2
landscaping,213.1,7,3,9,2
commercial,426.4,6,1,50,0
house,100.1,6,2,7,1
commercial,251.6,5,5,65,0
house,82.8,4,5,13,1
house,152.6,9,5,15,1
renovation,78.2,7,1,3,3
house,144.4,8,5,21,1
commercial,327.8,7,3,49,0
renovation,93.9,5,3,7,3
landscaping,94.8,3,5,10,2
landscaping,177.8,1,5,24,2
renovation,20.0,8,4,1,3
house,118.5,4,2,14,1
commercial,499.0,7,4,88,0
house,116.9,1,5,44,1
commercial,317.1,4,4,65,0
renovation,128.2,8,4,10,3
house,138.5,7,2,10,1
landscaping,197.2,9,5,9,2
landscaping,319.4,9,3,13,2
house,151.6,1,2,48,1
commercial,722.0,4,2,121,0
renovation,111.4,4,5,14,3
landscaping,74.3,4,4,4,2
house,188.3,6,5,27,1
commercial,506.5,1,5,264,0
commercial,502.4,5,5,111,0
landscaping,204.5,2,2,13,2
commercial,377.1,9,3,52,0
renovation,84.4,6,3,6,3
commercial,547.2,1,5,235,0
landscaping,241.4,6,5,13,2
commercial,223.0,9,1,17,0
landscaping,264.1,3,4,26,2
landscaping,227.4,1,5,40,2
commercial,622.4,5,5,178,0
house,238.5,9,2,20,1
renovation,41.6,4,1,2,3
commercial,563.3,8,1,48,0
house,182.1,6,3,22,1
renovation,42.3,3,4,5,3
commercial,311.9,9,2,34,0
landscaping,160.1,7,2,7,2
landscaping,127.7,9,5,8,2
landscaping,20.0,6,1,1,2
renovation,54.8,8,5,4,3
renovation,25.6,9,3,1,3
renovation,120.3,4,2,5,3
renovation,73.8,2,1,6,3
house,130.5,7,3,15,1
commercial,674.8,8,2,87,0
renovation,65.0,9,2,3,3
house,126.5,6,3,18,1
landscaping,241.0,7,1,8,2
house,201.2,2,3,46,1
house,232.9,9,5,27,1
renovation,44.3,2,5,8,3
renovation,109.3,5,1,5,3
landscaping,161.3,7,4,8,2
renovation,121.2,3,2,9,3
commercial,417.1,1,5,186,0
house,135.5,7,2,7,1
house,119.1,1,3,38,1
landscaping,37.1,8,4,2,2
commercial,483.6,1,5,278,0
landscaping,236.0,10,3,8,2
renovation,84.2,1,4,15,3
house,205.4,10,4,25,1
house,143.9,2,4,41,1
renovation,132.2,3,1,8,3
house,205.3,1,2,32,1
landscaping,289.6,4,5,23,2
landscaping,331.1,5,2,17,2
house,93.9,3,5,18,1
renovation,72.3,1,5,15,3
house,128.3,8,4,11,1
renovation,74.4,3,5,8,3
renovation,100.3,3,1,6,3
house,103.3,1,2,24,1
house,198.4,5,1,20,1
house,276.2,10,4,23,1
house,186.0,7,4,30,1
renovation,81.0,1,5,19,3
renovation,139.5,3,3,12,3
landscaping,226.5,1,5,26,2
