project_type,surface_area,materials,location,complexity,estimated_cost,project_type_encoded,materials_encoded,location_encoded
commercial,629.5,basic,rural,2,835682,0,0,0
commercial,97.8,premium,rural,3,218706,0,1,0
renovation,87.0,basic,suburban,2,67599,3,0,1
landscaping,324.2,basic,urban,4,65437,2,0,2
house,99.4,basic,rural,4,125928,1,0,0
landscaping,322.2,premium,suburban,4,99948,2,1,1
commercial,583.4,basic,rural,1,606690,0,0,0
commercial,379.9,standard,urban,4,1150630,0,2,2
landscaping,413.0,premium,rural,3,100768,2,1,0
renovation,42.0,basic,suburban,2,35818,3,0,1
landscaping,373.8,standard,urban,4,118639,2,2,2
house,76.1,standard,urban,5,198239,1,2,2
landscaping,334.4,standard,urban,1,53705,2,2,2
house,116.2,premium,urban,3,376876,1,1,2
commercial,595.2,basic,rural,2,775070,0,0,0
commercial,320.7,standard,urban,5,1113165,0,2,2
commercial,91.1,standard,rural,3,169445,0,2,0
house,111.0,basic,suburban,3,136613,1,0,1
house,142.5,premium,rural,3,242193,1,1,0
commercial,518.4,premium,urban,5,2040912,0,1,2
commercial,216.3,premium,urban,5,1083032,0,1,2
landscaping,370.5,premium,rural,2,77388,2,1,0
house,144.7,standard,urban,4,326751,1,2,2
landscaping,437.2,standard,suburban,4,106767,2,2,1
house,137.2,premium,suburban,1,221967,1,1,1
landscaping,213.0,basic,urban,3,44156,2,0,2
house,95.2,standard,urban,3,226907,1,2,2
renovation,79.5,basic,urban,4,105588,3,0,2
renovation,57.3,premium,suburban,1,67053,3,1,1
commercial,368.2,basic,suburban,5,795546,0,0,1
landscaping,242.5,basic,urban,4,57984,2,0,2
renovation,114.3,standard,rural,3,110099,3,2,0
house,220.1,premium,suburban,3,445185,1,1,1
commercial,301.9,basic,urban,5,799709,0,0,2
commercial,677.5,premium,rural,4,1931392,0,1,0
landscaping,208.1,premium,urban,2,78724,2,1,2
landscaping,221.7,basic,rural,2,24714,2,0,0
commercial,502.6,premium,suburban,1,1095347,0,1,1
renovation,36.8,basic,suburban,3,36898,3,0,1
commercial,623.5,premium,suburban,3,2056283,0,1,1
house,158.7,standard,suburban,3,234234,1,2,1
landscaping,167.0,basic,urban,3,36379,2,0,2
house,81.5,basic,rural,5,103979,1,0,0
commercial,112.7,standard,rural,1,123808,0,2,0
landscaping,362.6,premium,urban,3,126695,2,1,2
landscaping,121.7,premium,urban,3,45373,2,1,2
landscaping,287.6,basic,urban,5,86733,2,0,2
commercial,456.5,premium,urban,1,1187039,0,1,2
landscaping,371.0,premium,suburban,2,94359,2,1,1
commercial,511.6,standard,suburban,2,815693,0,2,1
renovation,92.6,basic,urban,5,128523,3,0,2
renovation,89.1,premium,suburban,5,184315,3,1,1
landscaping,443.7,standard,rural,1,53287,2,2,0
landscaping,268.5,standard,suburban,4,69324,2,2,1
renovation,44.0,standard,rural,2,37848,3,2,0
commercial,530.0,standard,urban,1,1047997,0,2,2
landscaping,335.4,standard,suburban,5,73539,2,2,1
house,210.5,basic,urban,4,414009,1,0,2
renovation,120.9,premium,rural,5,211153,3,1,0
renovation,76.8,standard,suburban,3,81817,3,2,1
landscaping,226.7,standard,rural,1,25634,2,2,0
landscaping,266.6,basic,urban,2,48317,2,0,2
landscaping,394.5,standard,suburban,5,120016,2,2,1
house,110.6,basic,rural,5,182337,1,0,0
commercial,753.4,premium,suburban,1,1470142,0,1,1
house,136.0,standard,urban,4,318877,1,2,2
house,20.0,standard,suburban,1,21541,1,2,1
renovation,129.0,standard,urban,5,206907,3,2,2
landscaping,618.7,standard,rural,5,134765,2,2,0
landscaping,307.0,premium,suburban,3,86775,2,1,1
landscaping,238.5,standard,rural,3,48525,2,2,0
commercial,600.3,basic,rural,3,892354,0,0,0
landscaping,245.5,basic,urban,5,60199,2,0,2
commercial,746.0,standard,rural,5,1403377,0,2,0
renovation,42.9,standard,suburban,4,50329,3,2,1
renovation,107.0,basic,suburban,4,112922,3,0,1
house,108.6,basic,urban,1,127882,1,0,2
landscaping,238.5,premium,urban,1,67596,2,1,2
commercial,193.2,premium,suburban,5,756760,0,1,1
commercial,761.1,basic,rural,5,1317936,0,0,0
commercial,417.7,premium,urban,4,2004251,0,1,2
renovation,54.4,premium,rural,5,87615,3,1,0
commercial,431.5,basic,rural,5,764190,0,0,0
renovation,89.7,standard,rural,3,93873,3,2,0
renovation,98.4,premium,urban,5,292950,3,1,2
renovation,67.0,premium,suburban,2,91885,3,1,1
commercial,730.9,standard,suburban,1,1043971,0,2,1
house,33.0,standard,rural,3,42819,1,2,0
renovation,79.4,standard,rural,5,82329,3,2,0
renovation,105.6,standard,suburban,1,90935,3,2,1
commercial,598.5,basic,rural,4,927524,0,0,0
house,161.2,basic,urban,5,362586,1,0,2
landscaping,302.5,premium,rural,1,53342,2,1,0
house,257.7,standard,rural,3,319721,1,2,0
landscaping,285.7,premium,urban,4,117287,2,1,2
house,82.4,standard,suburban,4,149333,1,2,1
landscaping,267.7,basic,urban,1,34824,2,0,2
house,178.6,basic,urban,5,440065,1,0,2
house,187.1,standard,rural,2,247365,1,2,0
renovation,43.0,standard,suburban,1,35091,3,2,1
renovation,28.6,basic,suburban,3,29101,3,0,1
commercial,543.7,basic,urban,5,1452857,0,0,2
commercial,533.3,basic,suburban,5,1244920,0,0,1
house,82.5,standard,suburban,1,92651,1,2,1
renovation,53.8,basic,rural,1,25715,3,0,0
house,166.6,standard,rural,2,177575,1,2,0
renovation,115.4,standard,rural,4,118946,3,2,0
house,170.7,standard,suburban,5,418161,1,2,1
house,160.2,standard,suburban,2,231767,1,2,1
renovation,53.9,standard,suburban,2,52388,3,2,1
landscaping,386.6,basic,suburban,2,55095,2,0,1
commercial,461.1,basic,urban,1,821375,0,0,2
renovation,79.8,basic,urban,5,124348,3,0,2
renovation,76.3,premium,rural,1,67861,3,1,0
commercial,822.4,premium,rural,4,2030796,0,1,0
landscaping,304.4,basic,rural,2,38828,2,0,0
house,109.2,standard,rural,5,178190,1,2,0
renovation,37.0,basic,urban,2,36211,3,0,2
house,144.9,standard,suburban,1,174616,1,2,1
commercial,670.3,basic,suburban,1,754428,0,0,1
commercial,659.9,basic,rural,2,765495,0,0,0
landscaping,464.5,premium,suburban,3,133161,2,1,1
landscaping,386.7,premium,rural,3,95232,2,1,0
commercial,804.8,basic,suburban,1,728459,0,0,1
commercial,737.9,basic,suburban,2,1086337,0,0,1
renovation,69.5,basic,urban,2,54748,3,0,2
commercial,1014.7,basic,urban,2,1780924,0,0,2
commercial,195.4,basic,rural,4,266022,0,0,0
renovation,38.0,standard,rural,5,46293,3,2,0
renovation,115.7,standard,rural,1,73719,3,2,0
commercial,659.5,premium,rural,1,1124043,0,1,0
renovation,97.0,standard,rural,3,94132,3,2,0
landscaping,256.9,standard,rural,2,38826,2,2,0
renovation,86.5,premium,urban,1,147427,3,1,2
renovation,45.8,standard,suburban,4,60227,3,2,1
house,142.6,premium,rural,2,220572,1,1,0
house,119.9,premium,suburban,5,390148,1,1,1
house,113.8,basic,urban,3,247296,1,0,2
renovation,93.5,premium,urban,2,173965,3,1,2
renovation,82.6,basic,rural,4,66611,3,0,0
landscaping,240.5,basic,rural,3,34232,2,0,0
house,182.7,basic,urban,4,317661,1,0,2
house,210.1,basic,suburban,3,270801,1,0,1
house,150.9,standard,urban,1,274906,1,2,2
house,191.5,basic,rural,3,160348,1,0,0
commercial,533.0,premium,suburban,2,1419681,0,1,1
landscaping,363.3,premium,rural,3,104845,2,1,0
landscaping,382.8,basic,suburban,3,70808,2,0,1
commercial,631.7,basic,suburban,5,1240501,0,0,1
commercial,517.4,standard,urban,4,1461380,0,2,2
house,99.1,premium,urban,4,449219,1,1,2
landscaping,302.7,basic,suburban,4,57338,2,0,1
landscaping,418.2,standard,rural,2,62377,2,2,0
landscaping,210.9,standard,suburban,3,33996,2,2,1
landscaping,386.8,standard,urban,3,95703,2,2,2
landscaping,221.0,basic,urban,4,57750,2,0,2
commercial,818.6,standard,urban,1,1514735,0,2,2
renovation,70.1,premium,rural,2,71849,3,1,0
renovation,156.2,standard,rural,5,189323,3,2,0
commercial,714.2,basic,urban,5,1888593,0,0,2
renovation,105.6,basic,rural,3,58110,3,0,0
renovation,118.1,standard,rural,1,69400,3,2,0
landscaping,187.5,premium,rural,1,31024,2,1,0
commercial,453.8,standard,urban,3,1325163,0,2,2
renovation,49.5,standard,suburban,4,66612,3,2,1
house,155.5,basic,suburban,1,166136,1,0,1
commercial,227.5,basic,urban,3,401826,0,0,2
renovation,37.0,standard,urban,3,61748,3,2,2
renovation,87.0,basic,suburban,4,105338,3,0,1
house,91.1,standard,suburban,1,111576,1,2,1
landscaping,285.0,basic,rural,2,34566,2,0,0
commercial,427.6,standard,suburban,4,1019150,0,2,1
landscaping,291.1,standard,rural,3,49048,2,2,0
landscaping,557.1,premium,rural,1,94994,2,1,0
commercial,528.6,basic,rural,2,668575,0,0,0
commercial,427.8,standard,suburban,5,1288990,0,2,1
renovation,97.8,basic,suburban,2,72780,3,0,1
commercial,566.1,basic,rural,2,708839,0,0,0
renovation,35.0,basic,rural,2,23981,3,0,0
commercial,651.3,premium,rural,1,939530,0,1,0
renovation,109.2,basic,rural,1,55714,3,0,0
renovation,89.2,premium,urban,5,193870,3,1,2
house,158.5,premium,urban,4,543821,1,1,2
renovation,63.8,standard,urban,3,85673,3,2,2
renovation,79.8,standard,urban,2,113060,3,2,2
house,240.5,basic,urban,5,539239,1,0,2
renovation,53.0,standard,urban,3,70196,3,2,2
landscaping,199.6,standard,urban,5,73644,2,2,2
house,169.2,standard,urban,2,241656,1,2,2
landscaping,277.5,standard,rural,4,59714,2,2,0
house,177.1,premium,rural,5,434014,1,1,0
landscaping,242.4,basic,suburban,3,41226,2,0,1
house,126.0,premium,suburban,1,260321,1,1,1
house,248.8,basic,urban,2,370769,1,0,2
house,175.0,premium,rural,4,396333,1,1,0
commercial,147.4,standard,suburban,4,394306,0,2,1
commercial,236.1,premium,urban,3,882072,0,1,2
landscaping,380.5,premium,urban,1,113534,2,1,2
renovation,71.5,basic,rural,2,44466,3,0,0
commercial,109.5,standard,rural,5,229915,0,2,0
commercial,492.1,basic,rural,4,807360,0,0,0
commercial,938.2,premium,suburban,3,2852149,0,1,1
landscaping,308.0,basic,suburban,2,48841,2,0,1
commercial,582.5,premium,rural,5,1421604,0,1,0
renovation,106.0,basic,urban,2,108860,3,0,2
landscaping,371.3,standard,suburban,3,78348,2,2,1
commercial,744.6,premium,suburban,5,2622351,0,1,1
renovation,31.8,basic,urban,1,27993,3,0,2
renovation,88.6,standard,urban,1,72938,3,2,2
renovation,24.2,basic,rural,2,14399,3,0,0
landscaping,140.9,standard,suburban,5,40456,2,2,1
renovation,72.6,premium,urban,4,154294,3,1,2
landscaping,235.1,premium,suburban,4,85344,2,1,1
renovation,78.5,premium,rural,5,135176,3,1,0
renovation,85.0,basic,rural,5,82187,3,0,0
commercial,372.5,basic,suburban,2,507852,0,0,1
house,118.1,basic,suburban,5,228401,1,0,1
renovation,122.6,premium,rural,1,103593,3,1,0
landscaping,229.5,premium,rural,1,35840,2,1,0
house,119.4,standard,urban,1,178983,1,2,2
commercial,557.2,basic,suburban,1,690970,0,0,1
house,101.7,premium,rural,3,175061,1,1,0
house,124.1,standard,suburban,1,152276,1,2,1
renovation,116.2,basic,suburban,2,92279,3,0,1
landscaping,358.4,premium,urban,3,132056,2,1,2
landscaping,340.6,basic,rural,3,49044,2,0,0
house,200.4,basic,urban,4,461511,1,0,2
commercial,491.7,basic,rural,2,597906,0,0,0
renovation,59.3,premium,urban,4,145017,3,1,2
renovation,73.2,standard,urban,5,137131,3,2,2
renovation,50.3,premium,urban,2,89178,3,1,2
landscaping,260.9,basic,rural,2,28041,2,0,0
house,90.7,standard,rural,5,150526,1,2,0
house,187.6,standard,suburban,1,247106,1,2,1
renovation,62.4,standard,rural,3,66598,3,2,0
commercial,727.3,basic,rural,3,932850,0,0,0
renovation,76.6,premium,suburban,4,120469,3,1,1
house,154.4,premium,urban,5,677955,1,1,2
house,113.8,premium,suburban,3,287298,1,1,1
commercial,586.2,premium,urban,5,2950513,0,1,2
commercial,679.6,standard,rural,2,958377,0,2,0
house,87.4,premium,urban,4,349597,1,1,2
landscaping,284.1,premium,suburban,2,63105,2,1,1
landscaping,235.0,premium,rural,4,69089,2,1,0
renovation,129.1,premium,suburban,4,266163,3,1,1
landscaping,242.6,basic,suburban,5,49970,2,0,1
house,248.1,standard,rural,2,274851,1,2,0
renovation,107.1,premium,rural,1,108148,3,1,0
house,148.8,standard,urban,1,218860,1,2,2
house,149.8,basic,suburban,4,203467,1,0,1
landscaping,306.3,basic,suburban,1,33882,2,0,1
house,126.4,standard,urban,2,262153,1,2,2
renovation,109.7,premium,suburban,2,156579,3,1,1
renovation,86.3,premium,urban,1,136741,3,1,2
commercial,639.6,premium,urban,2,2177930,0,1,2
landscaping,266.5,standard,suburban,3,69461,2,2,1
landscaping,289.9,standard,suburban,1,50005,2,2,1
landscaping,234.9,standard,suburban,5,60343,2,2,1
commercial,604.6,standard,rural,3,957404,0,2,0
landscaping,206.7,standard,suburban,1,33337,2,2,1
commercial,226.1,premium,suburban,1,452216,0,1,1
commercial,481.6,basic,suburban,4,971261,0,0,1
house,161.2,standard,suburban,4,341960,1,2,1
renovation,112.4,basic,suburban,2,85961,3,0,1
landscaping,365.2,standard,rural,5,66454,2,2,0
landscaping,424.6,premium,urban,1,114455,2,1,2
commercial,389.9,standard,suburban,2,654750,0,2,1
commercial,478.5,basic,urban,4,1106519,0,0,2
house,38.3,premium,suburban,2,78985,1,1,1
commercial,574.9,standard,urban,2,1333481,0,2,2
commercial,721.5,basic,urban,4,1673451,0,0,2
house,171.7,premium,rural,2,268557,1,1,0
house,141.8,standard,suburban,3,210983,1,2,1
landscaping,265.1,basic,urban,1,39916,2,0,2
commercial,435.7,basic,rural,1,505105,0,0,0
landscaping,458.4,premium,rural,4,151654,2,1,0
renovation,70.4,standard,suburban,2,64491,3,2,1
house,118.8,basic,rural,3,120884,1,0,0
house,235.8,basic,urban,4,507163,1,0,2
house,195.8,standard,rural,3,272296,1,2,0
renovation,113.2,premium,suburban,2,136374,3,1,1
landscaping,360.0,premium,suburban,5,125056,2,1,1
landscaping,289.7,standard,urban,2,67612,2,2,2
house,127.6,standard,rural,1,123278,1,2,0
renovation,99.2,basic,urban,5,131531,3,0,2
landscaping,330.3,basic,urban,2,57162,2,0,2
landscaping,293.6,standard,rural,5,65499,2,2,0
house,119.8,basic,urban,2,173526,1,0,2
house,144.4,standard,suburban,2,223939,1,2,1
renovation,103.7,basic,urban,1,82899,3,0,2
landscaping,165.9,standard,suburban,1,27791,2,2,1
landscaping,98.0,standard,rural,5,23447,2,2,0
house,42.4,basic,urban,2,74795,1,0,2
commercial,753.8,premium,suburban,1,1693510,0,1,1
commercial,173.9,basic,suburban,4,339529,0,0,1
commercial,619.0,premium,rural,3,1580010,0,1,0
commercial,651.8,basic,urban,1,1045377,0,0,2
landscaping,224.6,premium,rural,5,66014,2,1,0
landscaping,397.1,basic,suburban,3,62592,2,0,1
landscaping,201.0,standard,suburban,4,52788,2,2,1
renovation,96.5,basic,suburban,2,66936,3,0,1
commercial,379.7,basic,rural,2,451434,0,0,0
house,161.2,standard,suburban,5,395680,1,2,1
renovation,156.4,premium,rural,2,175087,3,1,0
house,126.9,premium,suburban,2,228079,1,1,1
landscaping,214.3,basic,suburban,3,32188,2,0,1
landscaping,358.7,premium,suburban,2,96540,2,1,1
house,127.6,premium,suburban,4,322996,1,1,1
renovation,40.6,basic,rural,5,37999,3,0,0
commercial,192.6,premium,rural,5,598049,0,1,0
house,128.3,basic,suburban,5,206319,1,0,1
renovation,130.3,premium,suburban,1,137890,3,1,1
commercial,560.5,premium,suburban,2,1337102,0,1,1
landscaping,189.9,premium,urban,1,48161,2,1,2
commercial,598.7,basic,urban,4,1638558,0,0,2
commercial,837.9,basic,suburban,4,1748881,0,0,1
house,75.0,standard,rural,3,87421,1,2,0
renovation,106.1,premium,suburban,2,116936,3,1,1
landscaping,431.1,basic,urban,2,86310,2,0,2
renovation,20.0,standard,urban,4,31618,3,2,2
commercial,673.1,standard,urban,1,1412759,0,2,2
house,138.2,standard,urban,1,207003,1,2,2
house,115.9,standard,suburban,1,122743,1,2,1
house,153.0,standard,rural,3,172510,1,2,0
landscaping,344.9,standard,rural,4,62708,2,2,0
house,194.3,standard,rural,5,258760,1,2,0
commercial,553.5,standard,suburban,4,1371081,0,2,1
renovation,44.4,basic,rural,2,26294,3,0,0
commercial,510.1,standard,suburban,1,778207,0,2,1
renovation,153.9,basic,urban,5,223630,3,0,2
landscaping,193.5,premium,rural,5,56725,2,1,0
renovation,32.6,basic,suburban,5,37647,3,0,1
landscaping,20.0,basic,rural,4,3162,2,0,0
commercial,509.8,standard,urban,3,1359675,0,2,2
commercial,457.3,premium,urban,2,1721486,0,1,2
renovation,84.5,premium,suburban,1,91407,3,1,1
commercial,377.3,premium,urban,4,1598280,0,1,2
house,113.4,premium,urban,5,414380,1,1,2
landscaping,387.7,standard,rural,5,89386,2,2,0
commercial,741.6,premium,rural,5,2171475,0,1,0
house,148.5,standard,urban,3,318682,1,2,2
house,193.2,standard,suburban,2,255991,1,2,1
landscaping,200.6,premium,urban,4,87346,2,1,2
commercial,261.4,premium,urban,4,1137166,0,1,2
landscaping,162.8,standard,rural,2,19662,2,2,0
house,173.3,standard,urban,2,329733,1,2,2
landscaping,291.2,basic,urban,3,69450,2,0,2
commercial,198.1,standard,rural,1,231184,0,2,0
landscaping,346.0,premium,urban,1,88056,2,1,2
commercial,718.6,basic,urban,3,1659754,0,0,2
landscaping,56.6,basic,urban,4,14392,2,0,2
commercial,290.6,premium,rural,3,720215,0,1,0
renovation,115.6,basic,urban,2,123682,3,0,2
renovation,109.9,premium,urban,1,147880,3,1,2
house,133.9,standard,rural,4,200461,1,2,0
renovation,79.2,basic,urban,2,83599,3,0,2
renovation,81.7,basic,rural,5,77327,3,0,0
landscaping,263.5,premium,suburban,2,60831,2,1,1
commercial,672.0,basic,urban,2,990155,0,0,2
house,165.8,standard,suburban,4,312949,1,2,1
landscaping,178.8,premium,suburban,1,41801,2,1,1
landscaping,383.8,basic,rural,5,60918,2,0,0
renovation,99.9,standard,suburban,3,125001,3,2,1
landscaping,340.0,standard,suburban,3,66743,2,2,1
renovation,117.1,premium,rural,5,189339,3,1,0
renovation,87.2,premium,urban,3,224051,3,1,2
commercial,565.7,basic,suburban,5,1331984,0,0,1
commercial,458.2,standard,suburban,2,754605,0,2,1
renovation,130.1,premium,urban,3,275656,3,1,2
commercial,637.3,standard,urban,4,1548335,0,2,2
renovation,89.4,standard,suburban,1,73783,3,2,1
renovation,113.8,basic,urban,3,142936,3,0,2
house,236.3,standard,rural,3,304957,1,2,0
renovation,130.4,basic,suburban,5,138976,3,0,1
renovation,115.0,standard,suburban,4,138761,3,2,1
house,260.7,premium,rural,5,612046,1,1,0
landscaping,275.6,standard,rural,2,40123,2,2,0
renovation,103.4,standard,rural,1,62499,3,2,0
commercial,466.0,standard,rural,2,640576,0,2,0
renovation,82.4,basic,rural,5,85911,3,0,0
landscaping,212.2,standard,rural,4,43938,2,2,0
house,188.7,premium,rural,5,496658,1,1,0
house,211.1,basic,suburban,3,300165,1,0,1
commercial,425.6,standard,rural,1,566270,0,2,0
renovation,90.7,basic,urban,3,106144,3,0,2
house,234.3,premium,urban,1,597494,1,1,2
commercial,706.6,basic,rural,5,1197190,0,0,0
landscaping,369.4,basic,urban,4,91251,2,0,2
renovation,79.2,standard,suburban,1,74565,3,2,1
landscaping,272.6,basic,suburban,4,47105,2,0,1
landscaping,202.4,basic,urban,3,40252,2,0,2
commercial,682.7,standard,suburban,2,1130189,0,2,1
house,148.9,basic,suburban,3,185208,1,0,1
landscaping,105.2,standard,suburban,2,20422,2,2,1
house,142.5,premium,rural,3,261697,1,1,0
landscaping,416.0,premium,rural,1,67250,2,1,0
house,189.7,standard,urban,2,310598,1,2,2
house,165.4,basic,rural,4,200516,1,0,0
house,108.8,basic,urban,1,133607,1,0,2
house,171.4,basic,urban,1,228788,1,0,2
commercial,334.5,standard,urban,2,789430,0,2,2
house,170.2,standard,urban,1,242059,1,2,2
renovation,76.3,standard,suburban,4,108602,3,2,1
landscaping,281.7,premium,suburban,3,94210,2,1,1
commercial,525.7,basic,rural,4,893524,0,0,0
renovation,89.7,standard,rural,4,89527,3,2,0
landscaping,308.6,standard,rural,4,63038,2,2,0
renovation,53.4,basic,rural,3,38693,3,0,0
landscaping,202.7,basic,suburban,4,38889,2,0,1
commercial,761.9,basic,rural,3,965809,0,0,0
commercial,874.7,standard,urban,1,1889798,0,2,2
commercial,256.2,premium,suburban,4,870888,0,1,1
renovation,33.0,standard,rural,3,33435,3,2,0
renovation,70.0,premium,suburban,5,135340,3,1,1
landscaping,506.3,premium,urban,3,172834,2,1,2
landscaping,352.1,basic,rural,5,60883,2,0,0
commercial,315.5,basic,urban,4,879910,0,0,2
renovation,54.1,standard,rural,5,64640,3,2,0
house,123.8,premium,urban,3,330942,1,1,2
house,158.4,basic,urban,3,313267,1,0,2
landscaping,327.7,basic,rural,1,33759,2,0,0
house,125.1,standard,suburban,2,197998,1,2,1
landscaping,276.1,basic,suburban,4,51068,2,0,1
renovation,128.5,basic,rural,1,63652,3,0,0
commercial,479.4,standard,urban,3,1469088,0,2,2
commercial,264.2,basic,urban,4,737742,0,0,2
commercial,419.6,premium,suburban,3,1298257,0,1,1
landscaping,240.5,standard,urban,5,74177,2,2,2
commercial,791.6,basic,urban,4,1873926,0,0,2
landscaping,328.2,basic,rural,3,47406,2,0,0
commercial,473.5,premium,rural,4,1148668,0,1,0
house,215.4,standard,rural,3,278548,1,2,0
landscaping,259.4,basic,urban,1,40200,2,0,2
commercial,608.2,standard,rural,4,1271006,0,2,0
landscaping,400.3,basic,rural,4,74137,2,0,0
commercial,573.5,basic,rural,1,651715,0,0,0
renovation,23.4,basic,urban,3,26499,3,0,2
house,202.5,premium,urban,4,646499,1,1,2
commercial,260.4,standard,urban,5,797573,0,2,2
renovation,31.2,basic,suburban,2,22788,3,0,1
house,103.6,premium,urban,5,417111,1,1,2
house,198.8,basic,urban,1,260482,1,0,2
landscaping,119.0,basic,rural,4,17021,2,0,0
renovation,106.6,premium,rural,5,175836,3,1,0
renovation,123.0,basic,rural,3,85748,3,0,0
landscaping,263.7,premium,rural,4,67327,2,1,0
house,105.2,premium,suburban,3,224398,1,1,1
commercial,375.3,basic,urban,1,494765,0,0,2
renovation,61.6,basic,urban,3,71540,3,0,2
landscaping,158.5,standard,urban,3,32051,2,2,2
landscaping,171.2,standard,rural,1,15138,2,2,0
house,164.9,basic,suburban,1,162871,1,0,1
renovation,36.5,premium,urban,2,61717,3,1,2
commercial,665.9,standard,suburban,1,940684,0,2,1
house,155.2,basic,urban,1,151787,1,0,2
commercial,487.2,basic,rural,5,792165,0,0,0
house,188.6,premium,urban,1,474981,1,1,2
house,190.5,standard,rural,1,192703,1,2,0
commercial,446.3,standard,suburban,4,975649,0,2,1
renovation,114.0,basic,rural,1,71179,3,0,0
house,175.6,standard,rural,5,298323,1,2,0
house,161.6,standard,suburban,2,253992,1,2,1
commercial,690.6,standard,urban,4,2216626,0,2,2
renovation,45.7,premium,urban,1,67244,3,1,2
house,108.2,standard,rural,2,123367,1,2,0
house,52.0,basic,suburban,1,53609,1,0,1
renovation,71.1,basic,suburban,5,90809,3,0,1
commercial,552.5,basic,urban,4,1523928,0,0,2
renovation,25.4,premium,rural,2,25438,3,1,0
commercial,706.5,basic,suburban,2,1132001,0,0,1
landscaping,203.6,basic,rural,5,33662,2,0,0
renovation,63.1,standard,rural,3,55385,3,2,0
house,155.4,basic,suburban,4,267187,1,0,1
landscaping,302.8,standard,urban,5,110726,2,2,2
landscaping,123.3,standard,rural,3,17705,2,2,0
house,178.0,premium,urban,5,679253,1,1,2
house,20.0,standard,urban,2,32870,1,2,2
landscaping,320.2,basic,urban,4,73702,2,0,2
house,90.3,basic,suburban,1,87931,1,0,1
house,181.9,standard,urban,3,417172,1,2,2
commercial,342.4,standard,suburban,1,481774,0,2,1
house,51.0,standard,rural,4,84253,1,2,0
commercial,564.9,basic,rural,4,836601,0,0,0
commercial,319.6,basic,urban,1,551427,0,0,2
landscaping,255.2,standard,rural,4,42748,2,2,0
house,73.8,basic,urban,3,132003,1,0,2
house,120.3,standard,rural,5,164226,1,2,0
renovation,88.1,premium,rural,4,121929,3,1,0
house,168.9,standard,suburban,4,323253,1,2,1
landscaping,291.6,standard,rural,3,39566,2,2,0
house,162.0,standard,rural,1,117905,1,2,0
commercial,738.8,standard,urban,4,2227373,0,2,2
commercial,460.5,basic,rural,4,696677,0,0,0
house,179.7,basic,urban,5,284946,1,0,2
commercial,891.4,premium,suburban,3,2557485,0,1,1
commercial,418.0,standard,suburban,4,928271,0,2,1
renovation,108.6,basic,rural,3,81834,3,0,0
house,117.9,basic,urban,5,276351,1,0,2
landscaping,334.9,basic,rural,1,34310,2,0,0
renovation,30.8,standard,suburban,3,28857,3,2,1
commercial,121.3,premium,suburban,1,260114,0,1,1
commercial,472.7,standard,suburban,2,713221,0,2,1
renovation,47.0,standard,urban,2,62322,3,2,2
commercial,469.0,premium,rural,3,1180423,0,1,0
renovation,33.8,basic,rural,1,17064,3,0,0
renovation,30.4,basic,urban,1,28347,3,0,2
house,150.4,standard,rural,2,190649,1,2,0
renovation,104.2,standard,suburban,4,120407,3,2,1
house,99.6,premium,suburban,3,238286,1,1,1
commercial,611.2,standard,rural,1,793069,0,2,0
landscaping,370.7,basic,rural,1,38896,2,0,0
commercial,596.0,standard,urban,5,2055437,0,2,2
landscaping,165.4,premium,urban,3,58041,2,1,2
renovation,76.6,standard,rural,4,83500,3,2,0
commercial,486.9,basic,urban,1,910068,0,0,2
landscaping,352.2,premium,urban,5,158952,2,1,2
house,154.4,basic,rural,1,120945,1,0,0
house,128.1,premium,rural,5,314218,1,1,0
renovation,50.1,premium,urban,3,101522,3,1,2
landscaping,254.7,basic,rural,5,50400,2,0,0
landscaping,362.2,premium,suburban,3,94365,2,1,1
renovation,99.4,standard,urban,5,200230,3,2,2
renovation,91.2,basic,rural,4,70295,3,0,0
landscaping,319.2,basic,suburban,4,60384,2,0,1
commercial,151.2,premium,urban,5,751991,0,1,2
renovation,34.2,standard,urban,1,31573,3,2,2
landscaping,365.9,standard,suburban,4,85397,2,2,1
landscaping,441.2,basic,rural,4,64033,2,0,0
landscaping,343.8,premium,urban,3,131676,2,1,2
renovation,100.2,basic,suburban,2,81496,3,0,1
house,155.1,standard,rural,4,275124,1,2,0
house,179.6,standard,rural,4,330707,1,2,0
commercial,752.4,premium,urban,1,2090930,0,1,2
landscaping,331.2,basic,suburban,2,48409,2,0,1
landscaping,317.3,basic,rural,4,46574,2,0,0
renovation,96.1,basic,rural,4,79142,3,0,0
renovation,60.1,basic,urban,2,56451,3,0,2
house,169.7,standard,urban,3,422903,1,2,2
house,171.9,basic,rural,1,118412,1,0,0
house,136.9,premium,suburban,1,187705,1,1,1
renovation,54.9,standard,suburban,1,53141,3,2,1
renovation,59.0,standard,rural,2,51013,3,2,0
house,182.7,standard,urban,2,348392,1,2,2
renovation,63.1,standard,suburban,5,90094,3,2,1
landscaping,216.1,basic,rural,3,30218,2,0,0
house,230.8,standard,rural,1,197249,1,2,0
landscaping,304.8,premium,rural,3,74067,2,1,0
house,114.2,basic,suburban,2,133587,1,0,1
renovation,55.3,standard,rural,1,40073,3,2,0
commercial,710.0,premium,urban,4,3002714,0,1,2
commercial,797.2,standard,urban,4,2432321,0,2,2
landscaping,330.6,standard,suburban,5,98677,2,2,1
renovation,65.3,basic,suburban,3,61252,3,0,1
renovation,79.4,basic,rural,5,69621,3,0,0
house,149.6,standard,urban,1,247796,1,2,2
house,113.4,premium,urban,3,355266,1,1,2
commercial,126.7,basic,rural,2,160654,0,0,0
house,218.9,basic,urban,2,287063,1,0,2
house,73.7,standard,suburban,1,88712,1,2,1
house,160.7,standard,urban,5,442685,1,2,2
house,174.6,basic,urban,5,458953,1,0,2
commercial,320.2,standard,rural,2,399803,0,2,0
landscaping,366.2,basic,urban,4,96330,2,0,2
commercial,249.5,standard,urban,3,705964,0,2,2
landscaping,39.6,premium,suburban,3,11868,2,1,1
landscaping,389.9,premium,urban,2,137257,2,1,2
landscaping,310.9,premium,suburban,4,115475,2,1,1
commercial,690.6,basic,urban,1,839513,0,0,2
house,141.3,basic,urban,1,166630,1,0,2
renovation,47.4,premium,rural,3,52983,3,1,0
landscaping,367.9,premium,suburban,1,68390,2,1,1
house,192.7,basic,rural,5,272664,1,0,0
house,127.0,premium,rural,3,211808,1,1,0
commercial,641.1,standard,rural,5,1280708,0,2,0
landscaping,449.7,basic,rural,3,57395,2,0,0
renovation,97.1,premium,suburban,2,131815,3,1,1
renovation,32.3,basic,urban,1,29046,3,0,2
commercial,506.7,basic,urban,1,714822,0,0,2
commercial,258.8,basic,urban,3,555090,0,0,2
renovation,112.6,basic,rural,1,62992,3,0,0
house,182.1,standard,rural,5,279605,1,2,0
commercial,647.5,basic,rural,5,1246510,0,0,0
commercial,281.7,basic,urban,4,675809,0,0,2
renovation,68.0,basic,rural,2,43048,3,0,0
house,74.1,standard,suburban,3,120054,1,2,1
house,175.0,premium,suburban,3,413727,1,1,1
house,184.9,basic,urban,5,432942,1,0,2
landscaping,318.7,standard,rural,4,62601,2,2,0
landscaping,337.7,premium,suburban,5,137971,2,1,1
landscaping,411.2,premium,suburban,3,144267,2,1,1
commercial,144.8,standard,urban,3,411325,0,2,2
house,144.4,premium,urban,4,540016,1,1,2
renovation,58.1,basic,suburban,2,38947,3,0,1
landscaping,249.0,basic,rural,4,39051,2,0,0
house,122.1,basic,suburban,3,169614,1,0,1
landscaping,270.6,standard,urban,2,59971,2,2,2
commercial,234.3,standard,urban,2,552597,0,2,2
house,194.5,standard,urban,1,334849,1,2,2
house,75.2,premium,urban,2,184208,1,1,2
renovation,52.3,basic,rural,2,28932,3,0,0
renovation,58.3,standard,suburban,5,85507,3,2,1
commercial,853.1,standard,rural,3,1343285,0,2,0
landscaping,504.6,premium,rural,3,127828,2,1,0
renovation,115.7,premium,rural,1,114173,3,1,0
commercial,457.0,premium,suburban,4,1578084,0,1,1
renovation,84.3,standard,urban,5,149837,3,2,2
landscaping,370.1,premium,urban,2,122068,2,1,2
landscaping,442.4,basic,urban,1,73837,2,0,2
renovation,54.1,standard,rural,3,47762,3,2,0
house,69.7,premium,urban,5,262076,1,1,2
commercial,503.2,basic,rural,1,478844,0,0,0
commercial,661.5,basic,urban,1,931516,0,0,2
house,110.8,premium,rural,5,249564,1,1,0
commercial,841.0,standard,rural,2,1174615,0,2,0
house,76.1,premium,suburban,2,136047,1,1,1
renovation,25.2,premium,rural,3,31407,3,1,0
renovation,109.3,standard,urban,1,105140,3,2,2
house,120.2,basic,suburban,4,204427,1,0,1
landscaping,258.0,basic,suburban,2,42208,2,0,1
commercial,176.9,premium,suburban,4,473467,0,1,1
commercial,404.2,basic,rural,1,319206,0,0,0
house,149.3,standard,rural,4,213519,1,2,0
landscaping,250.7,premium,urban,2,93981,2,1,2
house,136.1,basic,suburban,5,228521,1,0,1
house,192.8,standard,urban,4,527328,1,2,2
commercial,873.9,premium,urban,1,1912069,0,1,2
house,125.4,basic,rural,5,183169,1,0,0
landscaping,159.0,standard,suburban,1,21986,2,2,1
house,203.2,basic,urban,3,279105,1,0,2
commercial,583.5,standard,urban,1,1234272,0,2,2
landscaping,278.7,premium,rural,1,46650,2,1,0
house,229.7,premium,urban,4,751505,1,1,2
commercial,695.2,premium,urban,2,2486520,0,1,2
renovation,58.7,standard,suburban,4,65694,3,2,1
commercial,366.1,standard,urban,3,897524,0,2,2
renovation,83.4,premium,suburban,5,175568,3,1,1
house,217.1,premium,urban,2,436337,1,1,2
landscaping,300.0,premium,suburban,3,76770,2,1,1
house,177.4,standard,urban,5,608837,1,2,2
landscaping,266.4,basic,urban,2,45938,2,0,2
house,192.9,premium,urban,2,493749,1,1,2
house,176.9,premium,urban,3,612944,1,1,2
house,196.9,premium,urban,3,588504,1,1,2
landscaping,391.5,standard,urban,1,84546,2,2,2
house,147.3,basic,suburban,3,222261,1,0,1
renovation,40.4,basic,rural,2,24332,3,0,0
house,110.0,basic,rural,1,83942,1,0,0
landscaping,210.3,standard,rural,4,37659,2,2,0
commercial,538.3,basic,rural,5,878129,0,0,0
renovation,71.2,standard,urban,5,151137,3,2,2
commercial,349.8,standard,urban,3,946120,0,2,2
commercial,409.5,standard,rural,3,679002,0,2,0
landscaping,365.2,premium,suburban,1,67958,2,1,1
house,163.4,premium,suburban,1,316098,1,1,1
landscaping,420.7,basic,suburban,2,77233,2,0,1
landscaping,407.4,basic,rural,5,81148,2,0,0
commercial,270.2,premium,urban,2,742594,0,1,2
house,235.0,premium,rural,4,559489,1,1,0
renovation,49.0,basic,urban,2,50894,3,0,2
house,107.6,basic,rural,3,108166,1,0,0
house,197.1,basic,rural,1,164421,1,0,0
renovation,114.7,standard,suburban,2,105455,3,2,1
renovation,47.2,basic,suburban,3,46097,3,0,1
renovation,118.9,basic,urban,5,180135,3,0,2
renovation,111.2,standard,urban,2,145646,3,2,2
commercial,468.7,basic,rural,4,814109,0,0,0
renovation,66.2,basic,urban,5,98480,3,0,2
house,123.1,premium,rural,2,199861,1,1,0
landscaping,367.1,standard,urban,5,125077,2,2,2
renovation,102.3,standard,suburban,5,156028,3,2,1
landscaping,375.7,standard,rural,2,57411,2,2,0
commercial,296.7,basic,rural,4,444553,0,0,0
commercial,566.8,premium,urban,4,2830018,0,1,2
landscaping,324.0,basic,rural,4,52169,2,0,0
landscaping,279.5,premium,rural,3,65779,2,1,0
landscaping,134.8,basic,urban,4,28675,2,0,2
house,194.2,basic,rural,5,299886,1,0,0
commercial,437.1,basic,rural,2,551817,0,0,0
commercial,625.1,basic,rural,1,653220,0,0,0
renovation,66.9,premium,rural,2,79513,3,1,0
landscaping,300.1,premium,rural,1,43985,2,1,0
commercial,237.7,premium,urban,3,987161,0,1,2
house,178.1,premium,urban,2,425803,1,1,2
commercial,464.2,basic,urban,4,1011660,0,0,2
renovation,93.2,standard,rural,5,108763,3,2,0
house,172.2,standard,urban,2,355977,1,2,2
commercial,424.0,premium,suburban,2,1087532,0,1,1
renovation,90.0,basic,rural,5,89531,3,0,0
commercial,320.9,premium,rural,1,592787,0,1,0
commercial,550.6,premium,urban,1,1626545,0,1,2
landscaping,255.6,premium,rural,4,70964,2,1,0
commercial,827.4,basic,rural,2,857258,0,0,0
renovation,123.0,basic,rural,4,103381,3,0,0
renovation,28.1,standard,rural,2,21085,3,2,0
landscaping,333.4,premium,urban,1,91196,2,1,2
landscaping,179.7,premium,rural,4,43265,2,1,0
renovation,39.4,premium,urban,4,82520,3,1,2
house,160.0,standard,suburban,2,236954,1,2,1
commercial,770.4,premium,rural,5,2395448,0,1,0
landscaping,183.4,standard,suburban,3,38590,2,2,1
landscaping,291.9,standard,rural,2,38537,2,2,0
house,106.8,premium,suburban,5,278288,1,1,1
house,158.7,standard,rural,1,136520,1,2,0
landscaping,45.7,standard,rural,1,6567,2,2,0
commercial,339.7,standard,rural,2,505362,0,2,0
landscaping,456.3,premium,rural,5,134201,2,1,0
house,163.1,basic,urban,1,177999,1,0,2
landscaping,176.7,standard,suburban,1,28252,2,2,1
house,161.6,premium,suburban,3,371799,1,1,1
house,160.7,standard,suburban,1,208785,1,2,1
renovation,117.1,standard,rural,5,123118,3,2,0
commercial,527.1,basic,suburban,4,843149,0,0,1
commercial,634.0,premium,suburban,2,1815951,0,1,1
renovation,57.0,basic,urban,1,43251,3,0,2
commercial,300.0,basic,urban,3,603963,0,0,2
house,185.1,premium,suburban,3,443173,1,1,1
house,229.6,premium,urban,2,589228,1,1,2
renovation,64.2,standard,rural,2,56162,3,2,0
house,89.1,premium,urban,1,207299,1,1,2
landscaping,330.5,standard,rural,1,36054,2,2,0
house,111.1,basic,suburban,4,182531,1,0,1
house,161.2,basic,suburban,3,227230,1,0,1
landscaping,309.9,standard,suburban,1,43495,2,2,1
house,160.1,standard,urban,2,306151,1,2,2
renovation,82.9,basic,urban,1,77950,3,0,2
house,140.3,premium,rural,3,262229,1,1,0
renovation,116.3,premium,rural,3,170660,3,1,0
landscaping,438.3,standard,suburban,4,122644,2,2,1
landscaping,274.8,standard,suburban,5,79016,2,2,1
landscaping,387.6,standard,urban,3,121399,2,2,2
renovation,76.7,premium,suburban,1,79081,3,1,1
renovation,99.2,standard,urban,4,161948,3,2,2
commercial,564.8,basic,rural,5,863980,0,0,0
house,84.3,premium,suburban,3,215251,1,1,1
commercial,310.2,basic,rural,2,419815,0,0,0
commercial,727.1,premium,suburban,1,1358034,0,1,1
renovation,64.1,basic,suburban,1,36707,3,0,1
landscaping,294.3,basic,suburban,4,49155,2,0,1
renovation,103.3,basic,rural,1,60131,3,0,0
renovation,71.7,basic,suburban,4,78650,3,0,1
commercial,552.8,standard,urban,3,1701173,0,2,2
landscaping,346.7,standard,suburban,5,98341,2,2,1
renovation,49.2,basic,urban,5,72903,3,0,2
renovation,84.5,basic,urban,1,65502,3,0,2
landscaping,263.6,premium,suburban,2,69606,2,1,1
house,71.6,premium,rural,4,159869,1,1,0
renovation,62.8,standard,urban,4,100054,3,2,2
house,96.2,basic,rural,2,90596,1,0,0
renovation,72.4,standard,urban,3,106960,3,2,2
house,154.0,standard,rural,5,249372,1,2,0
house,184.9,standard,urban,3,394064,1,2,2
renovation,86.9,standard,rural,5,89267,3,2,0
commercial,326.0,basic,urban,4,760032,0,0,2
renovation,75.7,basic,suburban,2,53754,3,0,1
renovation,47.2,premium,urban,3,88287,3,1,2
landscaping,353.9,standard,suburban,5,93527,2,2,1
commercial,622.0,premium,rural,4,1698299,0,1,0
commercial,642.9,basic,rural,2,588818,0,0,0
landscaping,162.8,basic,urban,1,23600,2,0,2
commercial,731.5,basic,suburban,4,1585113,0,0,1
landscaping,256.2,premium,suburban,5,91623,2,1,1
renovation,80.4,premium,rural,3,84985,3,1,0
commercial,570.7,basic,rural,4,854175,0,0,0
commercial,270.1,premium,suburban,2,613622,0,1,1
renovation,58.0,standard,suburban,4,87751,3,2,1
renovation,87.0,premium,suburban,2,114049,3,1,1
house,140.7,standard,urban,2,271570,1,2,2
commercial,634.6,standard,urban,3,1426724,0,2,2
commercial,481.1,premium,suburban,1,1052722,0,1,1
commercial,452.3,basic,suburban,1,612561,0,0,1
landscaping,307.3,standard,rural,1,35641,2,2,0
renovation,41.2,basic,rural,4,35688,3,0,0
landscaping,254.6,premium,suburban,1,55278,2,1,1
renovation,74.2,standard,suburban,1,54853,3,2,1
house,93.4,standard,rural,3,129806,1,2,0
commercial,425.3,premium,urban,2,1322505,0,1,2
landscaping,284.2,basic,suburban,3,47618,2,0,1
house,95.0,premium,suburban,2,176054,1,1,1
landscaping,542.9,basic,rural,4,94235,2,0,0
landscaping,253.1,basic,suburban,1,28655,2,0,1
landscaping,314.2,basic,urban,5,83776,2,0,2
renovation,20.0,premium,suburban,3,30185,3,1,1
commercial,208.5,premium,suburban,5,809408,0,1,1
landscaping,310.0,basic,rural,1,32336,2,0,0
renovation,130.9,premium,suburban,5,241144,3,1,1
renovation,112.4,standard,urban,3,154144,3,2,2
renovation,41.2,standard,urban,4,60075,3,2,2
house,76.7,premium,rural,1,97866,1,1,0
landscaping,189.6,basic,suburban,3,30805,2,0,1
house,147.3,standard,suburban,4,269552,1,2,1
commercial,748.2,standard,suburban,5,1878115,0,2,1
house,65.8,premium,rural,2,84166,1,1,0
landscaping,294.3,basic,suburban,1,33970,2,0,1
commercial,309.5,premium,urban,2,945392,0,1,2
commercial,680.1,standard,suburban,4,1705840,0,2,1
commercial,833.4,standard,rural,2,1382974,0,2,0
landscaping,199.4,standard,suburban,5,51979,2,2,1
renovation,121.1,standard,urban,2,161661,3,2,2
commercial,556.8,basic,suburban,4,963361,0,0,1
renovation,54.6,premium,rural,2,66035,3,1,0
house,134.2,standard,urban,1,208820,1,2,2
renovation,123.3,premium,suburban,3,150675,3,1,1
renovation,85.5,premium,urban,5,245213,3,1,2
commercial,743.3,basic,suburban,2,1088187,0,0,1
landscaping,344.1,standard,suburban,4,76536,2,2,1
renovation,98.1,standard,rural,1,64654,3,2,0
landscaping,336.8,basic,urban,3,74638,2,0,2
commercial,339.6,basic,rural,4,501985,0,0,0
landscaping,320.2,basic,urban,1,48751,2,0,2
house,49.4,standard,rural,3,66321,1,2,0
landscaping,363.6,premium,rural,5,106364,2,1,0
commercial,269.6,premium,urban,5,1348231,0,1,2
commercial,327.7,premium,urban,1,897196,0,1,2
commercial,187.7,standard,suburban,1,323881,0,2,1
landscaping,237.2,premium,urban,3,88056,2,1,2
commercial,783.7,premium,suburban,2,1483613,0,1,1
landscaping,103.7,premium,suburban,5,37662,2,1,1
commercial,729.4,basic,urban,5,2041053,0,0,2
landscaping,208.3,premium,urban,3,82215,2,1,2
landscaping,267.6,basic,urban,3,66219,2,0,2
renovation,100.4,premium,urban,1,162191,3,1,2
renovation,60.9,premium,urban,4,151971,3,1,2
landscaping,294.6,standard,suburban,3,55791,2,2,1
house,112.5,basic,rural,3,120381,1,0,0
renovation,81.2,standard,rural,3,78276,3,2,0
landscaping,469.0,standard,suburban,4,124823,2,2,1
house,115.0,premium,rural,3,241609,1,1,0
house,166.0,basic,suburban,5,291906,1,0,1
house,181.3,basic,suburban,2,212801,1,0,1
commercial,396.1,standard,urban,4,1193764,0,2,2
commercial,381.2,premium,urban,3,1432957,0,1,2
house,149.9,standard,suburban,3,233715,1,2,1
landscaping,330.8,standard,suburban,2,59365,2,2,1
commercial,898.6,premium,urban,1,2261919,0,1,2
renovation,71.1,premium,suburban,2,92134,3,1,1
renovation,50.1,basic,rural,3,36141,3,0,0
landscaping,348.3,basic,urban,4,78865,2,0,2
house,154.0,premium,suburban,2,289394,1,1,1
house,133.5,basic,rural,4,155643,1,0,0
renovation,105.8,premium,rural,2,115392,3,1,0
landscaping,277.8,basic,rural,4,37770,2,0,0
house,210.1,basic,rural,3,233090,1,0,0
renovation,51.0,standard,suburban,5,69009,3,2,1
house,227.1,premium,suburban,3,449744,1,1,1
house,176.4,standard,rural,1,191072,1,2,0
renovation,90.8,basic,rural,5,71367,3,0,0
commercial,390.0,standard,rural,3,645529,0,2,0
commercial,241.5,premium,suburban,1,480111,0,1,1
landscaping,342.6,premium,rural,2,71953,2,1,0
landscaping,325.3,basic,suburban,4,71096,2,0,1
commercial,593.3,standard,suburban,3,1413682,0,2,1
landscaping,270.2,premium,suburban,3,70096,2,1,1
commercial,599.8,basic,urban,5,1779192,0,0,2
landscaping,82.3,premium,suburban,5,33434,2,1,1
commercial,396.6,premium,rural,3,881589,0,1,0
renovation,20.0,premium,suburban,2,32398,3,1,1
landscaping,469.6,premium,rural,1,93856,2,1,0
landscaping,360.8,standard,urban,1,74052,2,2,2
house,127.3,basic,suburban,4,191216,1,0,1
house,189.2,basic,suburban,4,323136,1,0,1
house,205.3,premium,rural,1,301328,1,1,0
renovation,72.1,standard,urban,3,99747,3,2,2
landscaping,284.1,premium,urban,1,74315,2,1,2
landscaping,305.2,basic,suburban,5,69166,2,0,1
house,156.9,basic,urban,2,222582,1,0,2
renovation,70.2,standard,rural,4,66477,3,2,0
commercial,793.3,basic,suburban,3,1502041,0,0,1
commercial,522.5,premium,urban,5,2579134,0,1,2
landscaping,332.3,basic,urban,3,72131,2,0,2
renovation,91.8,premium,rural,4,101421,3,1,0
house,122.5,standard,urban,5,415343,1,2,2
renovation,85.0,premium,suburban,3,125906,3,1,1
landscaping,127.0,basic,suburban,5,32597,2,0,1
house,82.1,basic,urban,3,129029,1,0,2
commercial,464.4,premium,suburban,1,1025966,0,1,1
house,254.8,basic,rural,2,272257,1,0,0
landscaping,295.1,premium,rural,2,58538,2,1,0
landscaping,418.4,premium,suburban,1,80664,2,1,1
commercial,280.4,basic,suburban,1,337775,0,0,1
commercial,861.9,basic,suburban,1,881806,0,0,1
renovation,79.9,basic,suburban,1,50001,3,0,1
house,153.2,standard,suburban,3,248121,1,2,1
commercial,322.1,basic,rural,5,633361,0,0,0
commercial,545.8,standard,urban,1,1178683,0,2,2
landscaping,270.3,standard,urban,3,83458,2,2,2
house,121.4,basic,suburban,4,171725,1,0,1
landscaping,352.3,premium,suburban,5,108722,2,1,1
renovation,82.1,standard,urban,4,118998,3,2,2
renovation,32.3,basic,urban,1,30881,3,0,2
house,265.2,basic,suburban,2,260294,1,0,1
commercial,305.3,standard,urban,3,917483,0,2,2
landscaping,118.7,premium,suburban,4,35654,2,1,1
landscaping,219.3,basic,rural,5,31484,2,0,0
commercial,673.2,basic,suburban,1,785001,0,0,1
commercial,576.4,standard,rural,5,1142736,0,2,0
renovation,55.6,premium,suburban,3,99187,3,1,1
renovation,111.0,premium,suburban,3,149392,3,1,1
landscaping,359.6,premium,suburban,1,70735,2,1,1
landscaping,411.9,premium,urban,1,104082,2,1,2
commercial,446.6,standard,rural,3,784992,0,2,0
landscaping,262.3,standard,rural,5,60713,2,2,0
commercial,387.0,premium,suburban,2,1016523,0,1,1
commercial,421.1,standard,urban,3,1132239,0,2,2
renovation,68.2,premium,rural,3,84096,3,1,0
renovation,55.0,basic,suburban,3,48780,3,0,1
landscaping,402.9,premium,suburban,4,147200,2,1,1
commercial,459.3,premium,rural,4,1457486,0,1,0
commercial,535.7,basic,rural,2,693035,0,0,0
commercial,454.1,basic,urban,5,1028278,0,0,2
landscaping,421.8,premium,rural,1,78359,2,1,0
landscaping,393.3,premium,suburban,3,113059,2,1,1
commercial,316.7,standard,rural,5,626891,0,2,0
house,171.2,standard,urban,4,429009,1,2,2
renovation,20.0,basic,urban,5,32775,3,0,2
commercial,365.8,premium,urban,3,1379961,0,1,2
renovation,112.3,standard,urban,5,207223,3,2,2
landscaping,237.8,basic,urban,2,47110,2,0,2
renovation,30.3,basic,rural,2,18108,3,0,0
landscaping,389.7,basic,rural,1,31152,2,0,0
house,79.5,basic,rural,1,58594,1,0,0
commercial,357.1,standard,suburban,3,788921,0,2,1
renovation,52.3,basic,suburban,1,36032,3,0,1
landscaping,312.8,basic,suburban,1,36693,2,0,1
landscaping,328.3,standard,urban,2,78121,2,2,2
commercial,657.6,standard,suburban,2,1014956,0,2,1
renovation,137.1,basic,urban,2,128625,3,0,2
house,139.4,premium,suburban,3,377129,1,1,1
commercial,160.1,standard,suburban,2,302044,0,2,1
house,101.2,standard,urban,3,249909,1,2,2
commercial,523.1,standard,rural,3,780727,0,2,0
renovation,60.2,premium,urban,5,131576,3,1,2
renovation,20.0,premium,suburban,2,26649,3,1,1
house,142.5,premium,suburban,1,231553,1,1,1
renovation,93.9,standard,rural,3,79529,3,2,0
landscaping,290.8,premium,rural,5,76578,2,1,0
house,75.9,premium,urban,4,262921,1,1,2
house,152.7,standard,rural,4,240208,1,2,0
commercial,927.3,standard,suburban,2,1458216,0,2,1
renovation,117.6,standard,urban,1,119878,3,2,2
landscaping,275.6,basic,suburban,3,41938,2,0,1
renovation,59.6,standard,urban,3,79653,3,2,2
renovation,103.9,basic,rural,3,77840,3,0,0
house,214.7,basic,urban,5,482891,1,0,2
renovation,123.0,premium,rural,1,125498,3,1,0
house,186.0,basic,rural,2,180682,1,0,0
commercial,250.1,premium,urban,2,728609,0,1,2
commercial,602.7,standard,suburban,4,1716582,0,2,1
house,153.6,basic,suburban,3,210892,1,0,1
landscaping,380.2,basic,rural,3,56086,2,0,0
renovation,90.0,standard,suburban,5,99199,3,2,1
commercial,355.7,basic,rural,2,403729,0,0,0
house,108.0,premium,suburban,5,370944,1,1,1
renovation,37.1,basic,urban,1,31581,3,0,2
house,149.6,basic,urban,1,182734,1,0,2
landscaping,366.3,basic,urban,5,94548,2,0,2
renovation,126.4,premium,urban,2,274071,3,1,2
renovation,47.1,basic,urban,1,33385,3,0,2
house,283.9,premium,suburban,3,672050,1,1,1
landscaping,276.0,basic,urban,5,64552,2,0,2
commercial,471.4,premium,suburban,2,1281359,0,1,1
renovation,67.0,basic,suburban,1,44834,3,0,1
renovation,61.9,premium,urban,3,104130,3,1,2
commercial,591.4,basic,rural,4,1027642,0,0,0
landscaping,244.4,basic,suburban,2,34734,2,0,1
renovation,147.8,standard,urban,4,229202,3,2,2
landscaping,265.9,premium,urban,1,70798,2,1,2
renovation,54.7,basic,urban,4,70921,3,0,2
house,211.4,standard,rural,1,212122,1,2,0
landscaping,198.6,standard,urban,2,50418,2,2,2
landscaping,375.3,standard,urban,4,103180,2,2,2
renovation,125.6,premium,suburban,2,179865,3,1,1
landscaping,425.0,standard,rural,5,79556,2,2,0
landscaping,400.8,standard,suburban,5,102269,2,2,1
commercial,670.7,premium,rural,3,1519181,0,1,0
house,92.2,premium,rural,3,189423,1,1,0
renovation,69.9,basic,rural,3,51380,3,0,0
house,233.4,standard,urban,1,368454,1,2,2
commercial,353.7,standard,suburban,2,756960,0,2,1
landscaping,239.2,standard,rural,3,41641,2,2,0
house,130.1,premium,suburban,1,194536,1,1,1
landscaping,216.6,standard,urban,5,80451,2,2,2
commercial,182.8,premium,rural,4,458739,0,1,0
house,123.9,standard,urban,5,365560,1,2,2
renovation,92.9,basic,suburban,5,113519,3,0,1
landscaping,93.5,standard,suburban,5,25315,2,2,1
landscaping,464.3,standard,suburban,3,101028,2,2,1
renovation,39.0,basic,suburban,1,26435,3,0,1
commercial,738.6,standard,urban,2,1702583,0,2,2
commercial,416.7,standard,suburban,2,834028,0,2,1
renovation,66.7,basic,rural,5,69632,3,0,0
commercial,403.8,premium,urban,1,1179215,0,1,2
house,130.7,standard,rural,2,164188,1,2,0
renovation,71.4,standard,urban,4,123636,3,2,2
house,229.9,premium,suburban,4,667619,1,1,1
renovation,45.5,premium,suburban,3,51050,3,1,1
renovation,79.3,basic,suburban,1,47274,3,0,1
landscaping,138.4,basic,suburban,5,30793,2,0,1
commercial,552.6,standard,rural,2,762722,0,2,0
commercial,584.7,standard,urban,5,2213329,0,2,2
commercial,296.1,standard,suburban,4,725209,0,2,1
house,81.4,premium,urban,4,289285,1,1,2
house,193.8,basic,urban,4,368911,1,0,2
landscaping,195.6,premium,rural,1,34106,2,1,0
landscaping,137.9,premium,suburban,1,28013,2,1,1
commercial,442.0,premium,urban,5,2093406,0,1,2
commercial,197.5,premium,urban,1,490795,0,1,2
landscaping,279.4,basic,urban,3,65658,2,0,2
house,138.4,standard,suburban,5,259314,1,2,1
landscaping,284.1,standard,suburban,5,69859,2,2,1
house,179.8,premium,urban,5,665040,1,1,2
house,101.0,premium,suburban,4,241865,1,1,1
commercial,211.7,standard,urban,5,704125,0,2,2
commercial,591.1,basic,urban,1,983324,0,0,2
commercial,440.5,standard,urban,5,1943556,0,2,2
renovation,53.5,premium,suburban,2,61698,3,1,1
house,161.2,premium,rural,2,287361,1,1,0
house,181.8,standard,suburban,2,219299,1,2,1
house,144.5,premium,suburban,3,326577,1,1,1
commercial,551.2,standard,rural,1,693472,0,2,0
commercial,638.7,basic,rural,4,972265,0,0,0
renovation,103.7,premium,suburban,2,145150,3,1,1
commercial,437.3,basic,rural,5,787317,0,0,0
landscaping,301.3,premium,rural,1,53044,2,1,0
renovation,115.8,basic,urban,4,178322,3,0,2
landscaping,280.4,premium,urban,2,85688,2,1,2
house,51.0,premium,suburban,5,146465,1,1,1
renovation,50.8,standard,suburban,5,80394,3,2,1
renovation,77.1,basic,urban,5,102626,3,0,2
landscaping,284.0,standard,rural,1,37273,2,2,0
landscaping,389.6,standard,suburban,2,70282,2,2,1
commercial,513.3,basic,rural,1,461625,0,0,0
landscaping,135.3,basic,urban,5,40293,2,0,2
commercial,746.6,basic,urban,3,1685488,0,0,2
house,174.7,premium,urban,4,436213,1,1,2
landscaping,284.0,basic,suburban,5,63989,2,0,1
house,134.0,premium,urban,2,351996,1,1,2
commercial,564.9,standard,rural,1,555592,0,2,0
commercial,396.5,basic,suburban,5,830860,0,0,1
renovation,54.7,standard,urban,3,82743,3,2,2
commercial,535.5,premium,urban,3,1616831,0,1,2
commercial,617.8,basic,urban,2,1071613,0,0,2
commercial,405.1,premium,rural,2,778292,0,1,0
landscaping,397.2,standard,rural,1,53878,2,2,0
house,160.8,standard,suburban,4,326539,1,2,1
renovation,109.9,standard,rural,3,95672,3,2,0
commercial,891.7,standard,urban,4,2822200,0,2,2
landscaping,495.1,basic,suburban,4,97633,2,0,1
house,143.4,standard,rural,1,130448,1,2,0
commercial,95.6,basic,rural,2,109062,0,0,0
renovation,40.4,standard,rural,4,32562,3,2,0
renovation,114.8,basic,rural,4,103179,3,0,0
commercial,408.5,premium,rural,5,1258160,0,1,0
renovation,128.2,premium,suburban,2,156831,3,1,1
house,159.0,standard,rural,3,223088,1,2,0
commercial,741.3,basic,urban,2,1175821,0,0,2
landscaping,200.7,standard,rural,3,36875,2,2,0
house,120.7,standard,urban,4,263980,1,2,2
landscaping,237.0,premium,rural,3,59822,2,1,0
commercial,520.3,basic,urban,3,1148423,0,0,2
renovation,84.6,basic,urban,1,68046,3,0,2
house,141.7,standard,rural,3,211138,1,2,0
commercial,728.1,premium,rural,2,1834552,0,1,0
house,66.9,basic,suburban,3,94503,1,0,1
landscaping,394.1,basic,suburban,2,57842,2,0,1
renovation,21.0,standard,rural,1,13343,3,2,0
commercial,450.2,basic,suburban,1,449849,0,0,1
house,119.9,premium,suburban,2,249302,1,1,1
landscaping,246.8,standard,urban,5,86026,2,2,2
house,119.4,basic,suburban,2,147951,1,0,1
renovation,79.9,standard,urban,2,110881,3,2,2
commercial,698.9,standard,rural,1,892846,0,2,0
landscaping,62.8,standard,suburban,3,15890,2,2,1
house,169.0,premium,urban,5,625758,1,1,2
commercial,242.3,standard,suburban,2,460535,0,2,1
commercial,615.2,basic,rural,2,698098,0,0,0
house,288.3,premium,suburban,5,895230,1,1,1
renovation,53.0,basic,suburban,4,49020,3,0,1
commercial,716.0,basic,suburban,5,1692394,0,0,1
commercial,597.5,premium,suburban,1,1389160,0,1,1
commercial,475.0,premium,rural,3,1211725,0,1,0
commercial,608.2,premium,suburban,2,1666901,0,1,1
house,224.0,basic,suburban,2,253160,1,0,1
renovation,69.5,standard,urban,2,67470,3,2,2
house,96.7,basic,urban,2,160728,1,0,2
landscaping,229.0,basic,suburban,5,50939,2,0,1
commercial,720.1,premium,rural,3,1690526,0,1,0
renovation,47.7,standard,suburban,1,38999,3,2,1
commercial,260.9,basic,urban,3,640286,0,0,2
renovation,73.6,premium,urban,1,119836,3,1,2
house,205.4,basic,rural,4,272731,1,0,0
landscaping,357.4,basic,suburban,1,42348,2,0,1
landscaping,309.6,basic,suburban,5,62900,2,0,1
house,146.9,basic,urban,1,192308,1,0,2
commercial,288.5,premium,urban,4,1339651,0,1,2
house,169.2,premium,suburban,5,470357,1,1,1
commercial,270.7,basic,rural,5,489593,0,0,0
commercial,717.8,standard,urban,2,1562284,0,2,2
renovation,97.2,standard,rural,4,109720,3,2,0
commercial,539.9,basic,urban,4,1336675,0,0,2
house,176.0,standard,urban,3,352993,1,2,2
landscaping,342.1,standard,urban,4,100558,2,2,2
landscaping,345.2,premium,urban,1,91582,2,1,2
renovation,55.8,premium,urban,3,126092,3,1,2
house,102.1,premium,urban,3,269855,1,1,2
commercial,456.7,premium,rural,2,945625,0,1,0
house,162.4,premium,rural,5,333892,1,1,0
landscaping,222.6,basic,urban,4,55245,2,0,2
house,269.9,premium,urban,5,1344886,1,1,2
landscaping,468.6,premium,suburban,5,171052,2,1,1
house,217.3,basic,suburban,2,218790,1,0,1
house,198.6,premium,rural,3,369613,1,1,0
house,97.4,premium,suburban,3,217093,1,1,1
house,95.5,premium,suburban,4,276964,1,1,1
renovation,83.8,premium,urban,4,196948,3,1,2
landscaping,211.5,basic,rural,2,24753,2,0,0
commercial,574.0,basic,urban,1,947832,0,0,2
landscaping,255.2,standard,urban,2,53716,2,2,2
house,130.5,premium,urban,1,232349,1,1,2
landscaping,193.0,premium,rural,2,45593,2,1,0
landscaping,381.9,standard,urban,4,121029,2,2,2
renovation,59.4,basic,urban,1,45260,3,0,2
landscaping,260.6,basic,suburban,5,58078,2,0,1
house,120.2,standard,urban,4,290993,1,2,2
house,112.5,premium,suburban,2,221839,1,1,1
renovation,44.7,standard,rural,5,60857,3,2,0
commercial,580.9,premium,rural,4,1418928,0,1,0
commercial,466.4,standard,suburban,2,677111,0,2,1
landscaping,429.9,standard,rural,3,67055,2,2,0
house,198.2,premium,suburban,3,483117,1,1,1
landscaping,278.4,standard,urban,2,71254,2,2,2
commercial,281.6,premium,suburban,4,922081,0,1,1
renovation,58.0,standard,urban,5,101307,3,2,2
landscaping,444.2,standard,suburban,3,88501,2,2,1
commercial,703.6,premium,suburban,2,1308729,0,1,1
renovation,61.1,basic,rural,5,58794,3,0,0
commercial,491.8,basic,rural,4,768160,0,0,0
landscaping,409.6,basic,suburban,2,61492,2,0,1
house,169.3,standard,rural,1,176164,1,2,0
commercial,513.9,standard,suburban,1,917452,0,2,1
house,237.4,standard,suburban,3,383295,1,2,1
house,69.2,standard,urban,2,126506,1,2,2
commercial,285.0,premium,suburban,2,727163,0,1,1
house,224.1,basic,urban,3,380455,1,0,2
house,133.8,premium,suburban,3,312210,1,1,1
renovation,63.4,premium,urban,1,107964,3,1,2
landscaping,382.3,basic,rural,5,59699,2,0,0
house,106.2,premium,rural,1,140008,1,1,0
renovation,38.6,basic,urban,4,48988,3,0,2
commercial,365.1,premium,suburban,4,1135579,0,1,1
commercial,483.5,standard,urban,2,1158790,0,2,2
landscaping,395.1,premium,suburban,2,104819,2,1,1
house,175.5,premium,suburban,1,332375,1,1,1
house,100.4,premium,suburban,5,259620,1,1,1
house,146.1,basic,urban,4,293934,1,0,2
landscaping,239.2,basic,urban,5,71137,2,0,2
house,163.7,basic,rural,2,131434,1,0,0
landscaping,232.1,premium,urban,3,75113,2,1,2
landscaping,372.3,premium,rural,5,113837,2,1,0
house,192.8,standard,urban,4,508915,1,2,2
renovation,58.3,basic,suburban,1,39785,3,0,1
house,206.6,premium,urban,3,638926,1,1,2
landscaping,302.2,basic,urban,5,89582,2,0,2
renovation,103.1,standard,rural,3,86568,3,2,0
landscaping,366.8,basic,rural,1,32274,2,0,0
landscaping,211.7,standard,suburban,2,34141,2,2,1
commercial,522.9,basic,suburban,4,1022134,0,0,1
house,162.5,standard,rural,3,200709,1,2,0
landscaping,366.1,standard,rural,1,38377,2,2,0
renovation,40.8,standard,urban,5,62361,3,2,2
landscaping,349.7,premium,rural,5,96851,2,1,0
renovation,20.0,premium,urban,2,33522,3,1,2
renovation,79.3,basic,suburban,5,102304,3,0,1
renovation,88.4,premium,suburban,2,122236,3,1,1
house,169.9,basic,urban,3,303270,1,0,2
landscaping,226.7,basic,suburban,2,31631,2,0,1
landscaping,211.5,basic,rural,5,34653,2,0,0
renovation,78.4,premium,urban,2,135189,3,1,2
landscaping,350.7,standard,rural,4,66948,2,2,0
landscaping,120.8,basic,urban,1,18812,2,0,2
renovation,78.3,basic,urban,1,62948,3,0,2
commercial,631.9,basic,urban,5,1631699,0,0,2
renovation,51.0,basic,suburban,2,41336,3,0,1
commercial,304.4,premium,rural,4,743027,0,1,0
landscaping,457.3,standard,urban,3,131823,2,2,2
landscaping,392.4,standard,suburban,4,84271,2,2,1
commercial,214.7,standard,suburban,4,522120,0,2,1
commercial,522.4,premium,rural,4,1418658,0,1,0
renovation,65.9,premium,rural,5,98286,3,1,0
house,109.7,premium,urban,2,289628,1,1,2
landscaping,318.7,premium,suburban,2,85040,2,1,1
commercial,387.6,premium,suburban,2,1023657,0,1,1
renovation,95.9,standard,suburban,4,124619,3,2,1
landscaping,304.3,premium,urban,3,137072,2,1,2
commercial,483.5,basic,urban,4,1460130,0,0,2
landscaping,163.5,standard,rural,1,18224,2,2,0
house,157.3,premium,rural,1,200432,1,1,0
commercial,536.9,premium,suburban,2,1486222,0,1,1
renovation,66.0,premium,rural,4,133004,3,1,0
renovation,73.3,standard,urban,5,132143,3,2,2
landscaping,204.5,standard,suburban,2,38160,2,2,1
landscaping,320.1,basic,rural,5,52975,2,0,0
renovation,106.0,premium,suburban,2,131494,3,1,1
landscaping,403.6,premium,suburban,2,94977,2,1,1
renovation,29.3,basic,urban,5,39025,3,0,2
house,130.4,basic,suburban,2,134938,1,0,1
house,91.4,basic,suburban,4,115975,1,0,1
commercial,396.3,standard,urban,4,1400495,0,2,2
house,166.3,premium,rural,3,310327,1,1,0
landscaping,460.5,premium,rural,2,83009,2,1,0
renovation,20.0,premium,suburban,1,22420,3,1,1
landscaping,395.6,basic,suburban,3,67381,2,0,1
landscaping,256.9,standard,rural,4,48806,2,2,0
house,246.9,premium,rural,5,438470,1,1,0
house,130.7,standard,rural,4,218492,1,2,0
house,209.9,premium,suburban,5,713709,1,1,1
house,219.9,standard,suburban,4,489687,1,2,1
commercial,354.0,basic,rural,4,544619,0,0,0
house,154.2,standard,urban,2,261392,1,2,2
renovation,95.7,basic,rural,5,87060,3,0,0
renovation,110.3,standard,urban,2,120994,3,2,2
renovation,48.1,standard,rural,5,57714,3,2,0
commercial,397.9,standard,rural,4,851041,0,2,0
renovation,47.4,basic,urban,5,66980,3,0,2
house,162.5,standard,urban,3,334966,1,2,2
house,143.3,basic,urban,2,198167,1,0,2
house,106.1,basic,urban,1,100599,1,0,2
house,165.6,basic,urban,5,438398,1,0,2
renovation,73.1,standard,rural,4,67380,3,2,0
house,217.2,standard,rural,3,329693,1,2,0
commercial,836.5,premium,suburban,2,1953973,0,1,1
house,122.2,premium,rural,2,197560,1,1,0
renovation,100.0,standard,urban,4,165360,3,2,2
house,26.4,basic,suburban,4,33783,1,0,1
landscaping,301.4,premium,rural,4,70791,2,1,0
renovation,92.9,basic,urban,3,94770,3,0,2
house,186.6,basic,rural,2,181182,1,0,0
commercial,606.7,standard,urban,3,1504630,0,2,2
commercial,512.5,premium,rural,5,1820569,0,1,0
commercial,331.6,basic,rural,1,322564,0,0,0
landscaping,298.5,premium,urban,4,106907,2,1,2
renovation,122.3,basic,urban,2,124912,3,0,2
landscaping,256.6,basic,rural,5,44432,2,0,0
house,119.3,basic,suburban,1,107528,1,0,1
commercial,119.6,basic,rural,1,100454,0,0,0
commercial,561.3,standard,rural,3,943266,0,2,0
landscaping,256.3,premium,suburban,5,81124,2,1,1
renovation,127.6,basic,suburban,3,121822,3,0,1
renovation,90.0,basic,urban,5,154763,3,0,2
commercial,516.9,basic,suburban,3,775529,0,0,1
landscaping,395.6,premium,suburban,3,143355,2,1,1
renovation,102.9,basic,rural,2,53384,3,0,0
commercial,499.8,standard,urban,1,923819,0,2,2
house,144.2,premium,rural,4,299454,1,1,0
landscaping,298.0,standard,urban,2,74345,2,2,2
house,105.5,premium,rural,3,212694,1,1,0
renovation,141.6,standard,rural,4,154324,3,2,0
house,192.2,basic,suburban,3,282218,1,0,1
renovation,92.0,basic,rural,2,56046,3,0,0
landscaping,248.8,premium,rural,5,69441,2,1,0
renovation,62.4,premium,suburban,5,108354,3,1,1
house,154.0,premium,urban,5,534858,1,1,2
renovation,82.7,premium,urban,4,187582,3,1,2
landscaping,343.6,basic,urban,1,58125,2,0,2
landscaping,434.8,standard,rural,1,55896,2,2,0
commercial,399.4,standard,rural,5,1057899,0,2,0
landscaping,325.2,premium,urban,4,148426,2,1,2
commercial,690.4,premium,suburban,1,1395777,0,1,1
renovation,103.9,premium,suburban,5,184890,3,1,1
commercial,255.6,premium,suburban,1,559211,0,1,1
house,148.0,basic,urban,1,152332,1,0,2
house,91.6,premium,urban,4,320441,1,1,2
commercial,1010.2,basic,urban,4,2685503,0,0,2
commercial,323.7,standard,urban,5,1295787,0,2,2
landscaping,223.4,basic,suburban,1,23783,2,0,1
renovation,67.6,premium,suburban,4,109021,3,1,1
house,84.9,basic,suburban,4,106268,1,0,1
house,160.9,standard,urban,4,383760,1,2,2
house,182.3,premium,urban,4,653153,1,1,2
renovation,55.9,standard,suburban,1,33767,3,2,1
house,138.6,standard,urban,3,346253,1,2,2
commercial,20.0,premium,rural,4,51725,0,1,0
landscaping,400.0,basic,rural,1,47761,2,0,0
commercial,294.8,premium,urban,3,1133850,0,1,2
landscaping,240.4,standard,rural,1,29263,2,2,0
renovation,108.9,standard,suburban,2,122732,3,2,1
landscaping,259.4,premium,suburban,2,48721,2,1,1
house,180.0,standard,suburban,2,284046,1,2,1
renovation,48.3,premium,rural,1,42181,3,1,0
house,80.1,standard,urban,5,252000,1,2,2
house,187.5,standard,suburban,3,335693,1,2,1
landscaping,387.7,premium,rural,2,76629,2,1,0
renovation,68.0,premium,urban,2,128450,3,1,2
landscaping,218.2,standard,rural,2,27862,2,2,0
house,68.6,premium,urban,2,216307,1,1,2
house,127.1,basic,rural,4,152880,1,0,0
renovation,69.1,standard,urban,4,105018,3,2,2
house,247.0,premium,rural,5,674417,1,1,0
landscaping,335.2,standard,suburban,3,74074,2,2,1
commercial,20.0,basic,urban,2,40127,0,0,2
landscaping,360.5,basic,rural,2,39075,2,0,0
renovation,88.3,premium,suburban,2,134798,3,1,1
commercial,379.0,basic,urban,4,1032023,0,0,2
commercial,764.5,basic,suburban,1,901942,0,0,1
landscaping,369.6,basic,rural,4,58358,2,0,0
house,128.5,basic,suburban,1,119292,1,0,1
renovation,74.1,premium,suburban,1,69575,3,1,1
commercial,445.5,basic,rural,1,480463,0,0,0
landscaping,234.3,standard,suburban,1,34235,2,2,1
renovation,34.7,standard,rural,1,21717,3,2,0
renovation,112.5,basic,urban,5,172063,3,0,2
renovation,64.5,basic,suburban,3,59021,3,0,1
house,152.4,basic,urban,4,273443,1,0,2
house,113.8,premium,urban,1,247085,1,1,2
commercial,682.4,standard,urban,5,2234903,0,2,2
renovation,69.6,standard,urban,5,140303,3,2,2
landscaping,425.0,standard,suburban,2,79713,2,2,1
house,136.3,basic,rural,1,81612,1,0,0
commercial,538.8,basic,suburban,5,1290971,0,0,1
renovation,89.6,standard,urban,1,86946,3,2,2
landscaping,237.2,premium,rural,1,38676,2,1,0
renovation,72.9,basic,suburban,3,63193,3,0,1
house,162.6,premium,rural,2,295324,1,1,0
house,157.8,standard,suburban,1,181462,1,2,1
renovation,92.9,basic,urban,4,132886,3,0,2
renovation,102.6,standard,rural,2,85259,3,2,0
renovation,48.0,standard,suburban,1,38592,3,2,1
house,71.3,standard,urban,2,120093,1,2,2
renovation,54.1,basic,suburban,3,47288,3,0,1
house,229.6,premium,urban,2,641816,1,1,2
renovation,108.5,standard,urban,4,171893,3,2,2
house,204.6,basic,suburban,1,167420,1,0,1
landscaping,110.7,premium,rural,5,34526,2,1,0
house,176.7,standard,suburban,3,299591,1,2,1
house,73.4,basic,rural,3,88025,1,0,0
house,179.3,standard,suburban,4,321110,1,2,1
house,118.3,basic,urban,3,185055,1,0,2
renovation,50.6,standard,rural,2,37326,3,2,0
commercial,465.9,basic,urban,2,662231,0,0,2
landscaping,222.9,standard,suburban,5,49502,2,2,1
commercial,637.6,premium,rural,3,1407680,0,1,0
house,167.1,standard,suburban,3,279028,1,2,1
landscaping,214.9,premium,urban,4,88806,2,1,2
commercial,559.8,standard,rural,3,964423,0,2,0
house,91.7,premium,urban,1,231191,1,1,2
house,158.1,standard,suburban,2,276918,1,2,1
commercial,104.2,premium,urban,5,498072,0,1,2
renovation,108.7,standard,suburban,1,81904,3,2,1
renovation,125.5,basic,rural,5,120041,3,0,0
renovation,20.0,premium,rural,3,21850,3,1,0
house,209.2,standard,rural,3,310311,1,2,0
house,176.4,premium,suburban,2,351543,1,1,1
commercial,417.8,standard,rural,4,884118,0,2,0
renovation,109.4,standard,suburban,4,145646,3,2,1
commercial,196.6,basic,rural,1,165120,0,0,0
commercial,647.1,standard,suburban,1,976611,0,2,1
renovation,64.8,basic,rural,5,66776,3,0,0
landscaping,432.9,basic,rural,4,59596,2,0,0
renovation,134.6,premium,urban,1,188228,3,1,2
commercial,179.2,basic,rural,3,209004,0,0,0
house,112.7,basic,rural,3,113162,1,0,0
house,107.2,standard,urban,3,219769,1,2,2
house,139.0,basic,urban,4,259695,1,0,2
house,190.3,standard,urban,5,511511,1,2,2
landscaping,317.7,premium,urban,4,134298,2,1,2
house,182.4,premium,urban,1,333452,1,1,2
house,131.7,premium,suburban,5,331800,1,1,1
commercial,828.1,basic,urban,2,1367009,0,0,2
renovation,110.9,premium,urban,1,172471,3,1,2
house,153.8,basic,rural,3,182685,1,0,0
commercial,290.9,premium,urban,1,792055,0,1,2
renovation,80.9,standard,suburban,4,110759,3,2,1
landscaping,327.3,standard,urban,3,80436,2,2,2
landscaping,265.6,standard,suburban,1,38347,2,2,1
landscaping,300.7,premium,suburban,1,58077,2,1,1
landscaping,464.4,premium,urban,4,210763,2,1,2
commercial,737.2,basic,suburban,2,1225132,0,0,1
house,161.2,premium,urban,1,369775,1,1,2
commercial,682.2,standard,rural,1,778964,0,2,0
renovation,83.4,basic,suburban,4,89323,3,0,1
commercial,457.2,premium,rural,5,1516809,0,1,0
commercial,325.5,premium,suburban,5,1289510,0,1,1
landscaping,327.0,premium,urban,4,137369,2,1,2
renovation,83.3,premium,suburban,1,91658,3,1,1
house,145.8,standard,suburban,2,213538,1,2,1
landscaping,295.0,standard,suburban,2,46459,2,2,1
commercial,797.7,basic,urban,5,2488873,0,0,2
renovation,90.5,premium,rural,4,123700,3,1,0
renovation,105.3,basic,rural,5,99661,3,0,0
house,134.0,basic,rural,3,151927,1,0,0
commercial,315.2,standard,rural,4,665936,0,2,0
renovation,80.0,standard,suburban,3,99623,3,2,1
house,143.5,premium,urban,4,557842,1,1,2
renovation,64.6,basic,urban,5,107003,3,0,2
commercial,381.6,standard,rural,4,883406,0,2,0
renovation,75.3,basic,urban,1,50246,3,0,2
commercial,441.6,premium,rural,2,866486,0,1,0
landscaping,428.4,premium,rural,5,83704,2,1,0
landscaping,191.6,premium,rural,3,45612,2,1,0
commercial,657.1,standard,suburban,2,1343066,0,2,1
renovation,63.1,standard,urban,4,89275,3,2,2
renovation,63.9,premium,suburban,1,66182,3,1,1
landscaping,302.7,premium,rural,5,89080,2,1,0
commercial,479.0,basic,suburban,1,610031,0,0,1
house,49.0,premium,suburban,4,139025,1,1,1
house,168.7,premium,suburban,2,369043,1,1,1
landscaping,461.6,standard,rural,5,107941,2,2,0
renovation,162.9,standard,rural,1,88046,3,2,0
landscaping,278.2,basic,urban,3,63101,2,0,2
renovation,60.2,premium,suburban,1,74721,3,1,1
renovation,115.0,standard,urban,5,197530,3,2,2
commercial,102.4,premium,suburban,2,208943,0,1,1
house,160.5,standard,suburban,5,327172,1,2,1
landscaping,307.5,basic,urban,1,52930,2,0,2
renovation,20.8,basic,urban,1,18475,3,0,2
house,147.7,basic,urban,5,290953,1,0,2
renovation,74.1,standard,urban,4,110490,3,2,2
house,124.1,basic,urban,4,268873,1,0,2
house,151.5,standard,urban,3,347905,1,2,2
commercial,515.6,standard,urban,2,1248262,0,2,2
house,177.7,basic,suburban,4,235397,1,0,1
house,179.5,premium,suburban,5,584146,1,1,1
renovation,85.0,premium,rural,1,69460,3,1,0
commercial,63.1,basic,rural,2,74681,0,0,0
landscaping,302.9,premium,rural,1,45000,2,1,0
house,164.6,premium,suburban,5,451903,1,1,1
commercial,443.0,premium,rural,4,1178225,0,1,0
landscaping,322.4,basic,suburban,1,36633,2,0,1
house,100.2,standard,suburban,4,207265,1,2,1
house,181.1,premium,urban,5,653633,1,1,2
house,101.4,basic,urban,3,177756,1,0,2
renovation,28.7,standard,rural,1,17155,3,2,0
commercial,811.6,premium,suburban,1,1413722,0,1,1
commercial,866.8,basic,suburban,3,1543436,0,0,1
commercial,872.3,basic,suburban,5,1705779,0,0,1
landscaping,123.6,standard,suburban,3,26702,2,2,1
landscaping,331.4,premium,urban,1,96487,2,1,2
house,183.6,standard,urban,5,606941,1,2,2
commercial,208.7,premium,rural,5,748801,0,1,0
landscaping,408.6,basic,urban,3,79172,2,0,2
landscaping,279.6,premium,urban,5,135126,2,1,2
landscaping,317.8,standard,urban,1,54826,2,2,2
landscaping,424.3,premium,suburban,2,120066,2,1,1
house,214.2,premium,urban,1,454892,1,1,2
commercial,446.3,premium,urban,2,1681356,0,1,2
commercial,614.6,basic,suburban,1,771114,0,0,1
commercial,519.3,basic,urban,1,727794,0,0,2
renovation,109.4,premium,suburban,4,201519,3,1,1
commercial,569.2,basic,urban,3,1377182,0,0,2
renovation,82.8,basic,urban,3,97422,3,0,2
renovation,50.5,premium,urban,1,64307,3,1,2
landscaping,509.2,standard,urban,2,118721,2,2,2
house,50.5,premium,urban,2,123441,1,1,2
house,101.4,premium,rural,2,177292,1,1,0
house,171.5,basic,rural,4,227456,1,0,0
renovation,113.3,basic,rural,5,104578,3,0,0
landscaping,235.7,premium,suburban,1,52892,2,1,1
landscaping,315.9,premium,suburban,4,116658,2,1,1
landscaping,418.1,basic,urban,4,108566,2,0,2
renovation,60.0,basic,suburban,2,51023,3,0,1
house,184.2,standard,rural,2,230991,1,2,0
landscaping,136.3,basic,urban,5,36271,2,0,2
commercial,470.9,basic,rural,5,718866,0,0,0
commercial,252.7,standard,urban,2,566013,0,2,2
commercial,184.9,standard,suburban,4,432839,0,2,1
renovation,76.3,premium,rural,4,115984,3,1,0
landscaping,383.0,basic,rural,3,45521,2,0,0
house,77.7,standard,suburban,5,188848,1,2,1
landscaping,368.6,premium,urban,1,78952,2,1,2
renovation,79.4,standard,rural,3,76524,3,2,0
landscaping,309.4,basic,rural,1,26627,2,0,0
house,110.1,standard,urban,1,172528,1,2,2
commercial,522.2,basic,rural,3,711562,0,0,0
renovation,108.2,basic,suburban,2,72908,3,0,1
renovation,71.5,basic,rural,1,38926,3,0,0
commercial,277.2,premium,rural,3,610803,0,1,0
house,145.1,premium,urban,4,569421,1,1,2
house,147.1,basic,urban,5,345117,1,0,2
landscaping,313.8,basic,rural,2,43221,2,0,0
landscaping,207.4,basic,urban,3,44287,2,0,2
landscaping,400.8,basic,urban,5,113349,2,0,2
renovation,84.9,premium,rural,2,81605,3,1,0
house,68.3,basic,urban,5,146919,1,0,2
renovation,78.6,basic,rural,4,57695,3,0,0
renovation,85.0,standard,urban,3,135566,3,2,2
house,136.1,basic,urban,3,286523,1,0,2
renovation,118.9,premium,rural,1,112545,3,1,0
renovation,105.9,basic,suburban,2,70377,3,0,1
renovation,60.5,basic,rural,3,45670,3,0,0
renovation,81.5,standard,suburban,3,97850,3,2,1
commercial,145.3,premium,urban,3,554857,0,1,2
house,230.3,standard,urban,3,526591,1,2,2
commercial,478.2,premium,rural,5,1291907,0,1,0
renovation,39.9,basic,urban,4,60219,3,0,2
commercial,498.2,premium,rural,1,818383,0,1,0
house,65.1,basic,suburban,2,71352,1,0,1
landscaping,344.1,premium,urban,2,103675,2,1,2
house,143.7,basic,urban,1,168575,1,0,2
landscaping,468.6,standard,urban,3,119783,2,2,2
commercial,546.6,standard,rural,5,1095894,0,2,0
renovation,62.4,premium,rural,4,91467,3,1,0
house,132.8,standard,rural,1,103592,1,2,0
renovation,111.2,basic,urban,1,80833,3,0,2
landscaping,305.0,basic,urban,2,62780,2,0,2
house,155.2,standard,suburban,2,233757,1,2,1
landscaping,453.0,premium,urban,1,114055,2,1,2
commercial,336.8,basic,suburban,1,345321,0,0,1
house,243.4,premium,rural,1,328309,1,1,0
house,187.6,basic,suburban,5,297773,1,0,1
commercial,645.1,standard,rural,4,1225555,0,2,0
house,43.0,premium,rural,5,102613,1,1,0
house,76.4,basic,urban,1,88972,1,0,2
landscaping,201.5,standard,rural,1,25557,2,2,0
landscaping,372.5,premium,urban,4,169987,2,1,2
commercial,468.3,premium,suburban,5,1607643,0,1,1
commercial,385.9,standard,urban,2,921331,0,2,2
house,172.9,standard,rural,3,272841,1,2,0
renovation,101.3,premium,rural,1,73343,3,1,0
landscaping,333.7,standard,rural,1,38995,2,2,0
commercial,313.8,basic,suburban,1,434109,0,0,1
renovation,60.9,premium,suburban,5,127620,3,1,1
landscaping,196.0,premium,suburban,4,65761,2,1,1
house,199.1,standard,suburban,3,356824,1,2,1
commercial,117.4,basic,suburban,1,161619,0,0,1
commercial,389.5,premium,rural,1,582639,0,1,0
commercial,339.3,standard,rural,1,454773,0,2,0
renovation,78.8,premium,suburban,4,137016,3,1,1
house,130.7,standard,suburban,4,256871,1,2,1
commercial,399.2,premium,urban,3,1611413,0,1,2
renovation,47.4,premium,urban,1,66905,3,1,2
commercial,407.4,premium,rural,4,779207,0,1,0
commercial,160.0,basic,suburban,4,305135,0,0,1
commercial,355.0,standard,urban,5,1137124,0,2,2
commercial,276.7,basic,rural,4,381565,0,0,0
commercial,404.6,premium,suburban,1,988669,0,1,1
house,83.7,basic,urban,5,139262,1,0,2
landscaping,343.7,standard,urban,4,106612,2,2,2
commercial,631.8,premium,urban,3,2306929,0,1,2
house,163.2,premium,urban,5,611568,1,1,2
landscaping,201.7,premium,suburban,5,75169,2,1,1
house,247.9,basic,suburban,1,257955,1,0,1
house,88.6,basic,urban,3,175015,1,0,2
commercial,702.3,standard,rural,2,1080703,0,2,0
commercial,659.4,premium,suburban,4,2043878,0,1,1
house,194.4,premium,urban,3,690019,1,1,2
renovation,74.0,basic,rural,3,51185,3,0,0
commercial,452.1,standard,rural,1,578971,0,2,0
house,191.6,basic,suburban,5,310288,1,0,1
house,57.1,premium,rural,2,87374,1,1,0
house,221.5,premium,urban,5,850908,1,1,2
commercial,349.2,basic,suburban,2,457320,0,0,1
renovation,53.9,basic,suburban,4,51426,3,0,1
commercial,561.3,basic,suburban,2,763813,0,0,1
commercial,525.2,basic,urban,4,1412919,0,0,2
landscaping,293.2,basic,suburban,1,35280,2,0,1
renovation,96.1,basic,urban,2,72412,3,0,2
renovation,108.7,premium,suburban,2,144568,3,1,1
commercial,214.8,premium,suburban,2,515646,0,1,1
house,219.6,basic,urban,4,443374,1,0,2
renovation,90.5,premium,suburban,5,187387,3,1,1
renovation,104.3,premium,suburban,3,153703,3,1,1
landscaping,368.4,premium,urban,2,119897,2,1,2
commercial,559.9,premium,urban,3,2016645,0,1,2
house,142.8,premium,suburban,4,377555,1,1,1
commercial,279.3,basic,urban,5,745633,0,0,2
house,82.3,standard,rural,3,118753,1,2,0
house,124.4,basic,urban,2,196823,1,0,2
commercial,679.7,standard,urban,1,1474434,0,2,2
renovation,87.4,standard,suburban,2,98443,3,2,1
house,211.8,basic,rural,2,183159,1,0,0
landscaping,282.8,basic,rural,5,54242,2,0,0
renovation,97.7,standard,rural,2,73107,3,2,0
house,212.9,standard,rural,2,253471,1,2,0
landscaping,173.3,standard,urban,2,42334,2,2,2
landscaping,299.8,standard,suburban,3,72825,2,2,1
renovation,32.3,basic,suburban,1,19295,3,0,1
landscaping,116.6,premium,suburban,5,45240,2,1,1
house,85.5,premium,rural,5,225809,1,1,0
commercial,426.9,standard,urban,1,874361,0,2,2
landscaping,291.8,standard,suburban,5,81193,2,2,1
commercial,334.5,basic,urban,2,729465,0,0,2
house,85.8,standard,urban,1,153568,1,2,2
house,174.6,standard,suburban,1,204688,1,2,1
commercial,614.5,premium,suburban,4,1886966,0,1,1
renovation,73.5,premium,suburban,1,73969,3,1,1
house,125.5,premium,suburban,3,290685,1,1,1
renovation,95.5,premium,urban,2,158555,3,1,2
renovation,100.1,premium,rural,1,91986,3,1,0
landscaping,259.8,basic,rural,3,37435,2,0,0
commercial,211.5,basic,urban,5,600732,0,0,2
renovation,71.8,standard,rural,5,90757,3,2,0
renovation,34.8,standard,suburban,5,45085,3,2,1
house,138.9,premium,suburban,2,254422,1,1,1
renovation,75.4,basic,urban,2,72699,3,0,2
landscaping,328.8,premium,urban,4,150741,2,1,2
renovation,65.0,premium,suburban,1,67963,3,1,1
renovation,53.4,premium,urban,3,105267,3,1,2
renovation,20.0,premium,urban,5,54021,3,1,2
commercial,749.4,standard,urban,5,2858785,0,2,2
commercial,659.7,basic,urban,4,1675444,0,0,2
commercial,369.8,standard,suburban,2,615018,0,2,1
landscaping,426.9,basic,rural,3,60189,2,0,0
renovation,119.2,premium,rural,4,143848,3,1,0
renovation,46.5,standard,suburban,5,66898,3,2,1
house,90.9,standard,rural,1,90753,1,2,0
commercial,607.8,premium,rural,5,1941610,0,1,0
landscaping,369.5,basic,suburban,5,82206,2,0,1
renovation,117.6,standard,urban,2,147919,3,2,2
commercial,362.9,basic,suburban,5,848082,0,0,1
landscaping,248.3,basic,suburban,3,37452,2,0,1
commercial,464.0,premium,suburban,1,1037982,0,1,1
commercial,279.6,standard,rural,1,335072,0,2,0
renovation,99.3,basic,suburban,4,90736,3,0,1
house,184.3,premium,rural,5,508270,1,1,0
house,72.1,standard,suburban,3,112244,1,2,1
house,179.1,standard,urban,4,470162,1,2,2
house,176.0,premium,rural,4,375797,1,1,0
house,119.6,standard,urban,3,234832,1,2,2
house,135.6,basic,urban,4,277411,1,0,2
landscaping,459.4,standard,urban,1,90514,2,2,2
landscaping,229.1,basic,suburban,5,49066,2,0,1
landscaping,381.1,premium,suburban,2,118036,2,1,1
renovation,80.1,standard,suburban,3,73534,3,2,1
renovation,59.3,basic,urban,1,50057,3,0,2
renovation,55.7,premium,suburban,5,114417,3,1,1
renovation,107.5,premium,rural,3,144168,3,1,0
landscaping,384.4,standard,rural,5,77905,2,2,0
house,158.7,standard,suburban,5,348921,1,2,1
landscaping,229.7,standard,rural,4,43551,2,2,0
renovation,102.0,premium,urban,2,191896,3,1,2
landscaping,240.9,premium,rural,5,76053,2,1,0
landscaping,229.4,standard,suburban,5,59757,2,2,1
house,169.1,basic,urban,1,183369,1,0,2
landscaping,260.3,standard,urban,3,70764,2,2,2
landscaping,214.7,premium,rural,1,33647,2,1,0
landscaping,355.3,basic,suburban,1,38642,2,0,1
landscaping,327.3,standard,rural,3,59349,2,2,0
commercial,544.4,basic,urban,2,1058003,0,0,2
commercial,666.6,basic,urban,3,1364164,0,0,2
house,193.2,standard,urban,3,307724,1,2,2
renovation,108.3,premium,urban,1,176156,3,1,2
renovation,84.3,basic,rural,4,68484,3,0,0
house,151.5,premium,urban,2,361482,1,1,2
landscaping,371.5,basic,urban,3,80725,2,0,2
house,157.9,standard,urban,2,327142,1,2,2
renovation,103.2,basic,rural,5,96848,3,0,0
house,215.6,basic,rural,2,217301,1,0,0
commercial,738.2,basic,urban,3,1588592,0,0,2
landscaping,275.1,standard,rural,2,35002,2,2,0
renovation,100.5,basic,rural,1,56984,3,0,0
commercial,211.4,premium,urban,5,862121,0,1,2
house,122.2,standard,rural,5,193397,1,2,0
landscaping,474.5,standard,urban,3,140664,2,2,2
landscaping,350.6,premium,suburban,4,124026,2,1,1
house,162.7,premium,urban,5,594780,1,1,2
commercial,406.0,standard,suburban,4,993402,0,2,1
commercial,323.2,premium,urban,1,1041101,0,1,2
house,127.3,basic,rural,4,152977,1,0,0
house,86.5,basic,rural,2,77968,1,0,0
renovation,86.1,premium,suburban,2,110032,3,1,1
landscaping,290.8,basic,urban,3,62400,2,0,2
commercial,111.7,basic,rural,2,97978,0,0,0
house,54.6,basic,urban,4,113149,1,0,2
commercial,251.5,standard,rural,2,300609,0,2,0
house,148.4,premium,suburban,4,400230,1,1,1
house,148.8,standard,rural,2,157191,1,2,0
landscaping,218.9,basic,rural,2,20656,2,0,0
renovation,87.2,premium,suburban,2,116547,3,1,1
commercial,346.2,basic,rural,4,546637,0,0,0
commercial,195.2,basic,rural,4,321194,0,0,0
renovation,32.1,premium,rural,5,50794,3,1,0
house,194.5,standard,urban,3,398998,1,2,2
commercial,807.8,standard,rural,3,1570550,0,2,0
landscaping,510.7,basic,urban,1,94293,2,0,2
renovation,29.5,basic,rural,5,31548,3,0,0
commercial,588.3,premium,suburban,2,1270033,0,1,1
house,176.1,basic,rural,2,160325,1,0,0
commercial,481.5,premium,suburban,3,1419826,0,1,1
landscaping,596.1,standard,suburban,3,135223,2,2,1
commercial,588.5,premium,rural,4,1463040,0,1,0
commercial,577.2,basic,rural,2,586689,0,0,0
landscaping,291.9,premium,suburban,2,72673,2,1,1
house,272.1,standard,urban,3,620155,1,2,2
commercial,275.9,premium,urban,4,1114226,0,1,2
house,170.0,basic,rural,3,198146,1,0,0
landscaping,482.5,basic,suburban,5,104753,2,0,1
commercial,517.8,standard,rural,5,1253772,0,2,0
landscaping,353.5,basic,urban,2,72461,2,0,2
commercial,581.8,basic,suburban,1,744718,0,0,1
house,177.6,standard,rural,4,252715,1,2,0
landscaping,22.0,basic,rural,3,2655,2,0,0
landscaping,220.2,basic,urban,2,39162,2,0,2
house,87.8,premium,urban,1,200325,1,1,2
renovation,67.7,premium,suburban,1,79877,3,1,1
renovation,84.4,premium,rural,1,74248,3,1,0
landscaping,357.2,standard,rural,5,81756,2,2,0
house,123.6,standard,urban,3,250746,1,2,2
renovation,50.1,standard,rural,5,65006,3,2,0
house,104.9,standard,suburban,4,193275,1,2,1
landscaping,379.7,standard,urban,5,158656,2,2,2
renovation,87.7,premium,rural,5,132552,3,1,0
landscaping,153.7,basic,suburban,4,33353,2,0,1
landscaping,177.2,standard,rural,5,38040,2,2,0
commercial,442.6,standard,rural,5,1066008,0,2,0
house,111.3,standard,urban,4,283199,1,2,2
house,111.0,basic,urban,3,215002,1,0,2
commercial,350.4,basic,suburban,3,613209,0,0,1
landscaping,153.5,basic,urban,3,31284,2,0,2
landscaping,369.1,premium,suburban,5,139768,2,1,1
house,154.8,standard,urban,2,272655,1,2,2
landscaping,323.0,standard,urban,2,76517,2,2,2
renovation,81.3,basic,urban,5,112958,3,0,2
commercial,477.4,basic,urban,5,1448013,0,0,2
commercial,522.3,premium,suburban,2,1628408,0,1,1
renovation,96.6,standard,suburban,5,150363,3,2,1
commercial,701.8,premium,urban,5,3934664,0,1,2
landscaping,187.4,premium,suburban,5,60297,2,1,1
renovation,65.0,basic,urban,4,86013,3,0,2
renovation,47.9,standard,suburban,4,68140,3,2,1
renovation,79.8,standard,rural,4,85024,3,2,0
house,49.3,premium,urban,2,133310,1,1,2
house,148.5,standard,rural,3,197511,1,2,0
renovation,106.1,standard,urban,2,160047,3,2,2
renovation,93.1,standard,rural,2,73856,3,2,0
landscaping,449.3,standard,rural,4,91951,2,2,0
landscaping,344.7,basic,rural,1,36370,2,0,0
renovation,67.8,premium,urban,3,151830,3,1,2
landscaping,350.1,basic,rural,2,36369,2,0,0
renovation,68.3,basic,urban,4,73453,3,0,2
house,140.0,premium,suburban,3,343691,1,1,1
renovation,81.0,basic,rural,1,42603,3,0,0
landscaping,351.5,standard,urban,5,115374,2,2,2
house,78.4,standard,suburban,2,116427,1,2,1
commercial,20.0,standard,rural,2,31963,0,2,0
house,199.2,basic,urban,3,408233,1,0,2
commercial,193.1,basic,urban,5,626675,0,0,2
landscaping,402.1,basic,urban,5,128297,2,0,2
commercial,654.0,basic,rural,2,808416,0,0,0
commercial,611.7,premium,rural,2,1213979,0,1,0
house,111.0,basic,rural,5,143484,1,0,0
landscaping,173.5,premium,rural,1,29319,2,1,0
landscaping,382.9,basic,suburban,2,49131,2,0,1
renovation,45.9,basic,urban,5,66453,3,0,2
commercial,484.9,basic,suburban,3,877758,0,0,1
house,157.4,basic,urban,1,192021,1,0,2
renovation,42.3,standard,rural,3,41193,3,2,0
landscaping,63.3,premium,rural,4,17604,2,1,0
landscaping,431.4,standard,suburban,3,82000,2,2,1
house,121.6,basic,suburban,1,120448,1,0,1
renovation,24.9,basic,suburban,4,21108,3,0,1
house,217.1,premium,suburban,4,470718,1,1,1
renovation,59.7,standard,suburban,1,46133,3,2,1
house,99.3,standard,suburban,3,184287,1,2,1
commercial,619.3,premium,urban,2,2184738,0,1,2
renovation,109.1,basic,rural,1,53790,3,0,0
commercial,561.1,basic,urban,2,971578,0,0,2
landscaping,212.3,premium,rural,5,68449,2,1,0
renovation,129.7,premium,urban,1,180974,3,1,2
house,130.8,standard,urban,5,363746,1,2,2
renovation,76.1,standard,rural,1,43696,3,2,0
commercial,737.3,premium,suburban,4,2008739,0,1,1
commercial,360.1,premium,rural,2,756144,0,1,0
landscaping,243.3,basic,urban,5,72657,2,0,2
landscaping,550.7,premium,suburban,3,190090,2,1,1
landscaping,542.6,basic,rural,3,68741,2,0,0
commercial,483.6,premium,rural,1,893016,0,1,0
commercial,563.2,basic,urban,3,1299889,0,0,2
renovation,104.4,premium,urban,4,222683,3,1,2
renovation,76.4,standard,urban,5,163521,3,2,2
commercial,847.9,standard,suburban,3,1795846,0,2,1
landscaping,137.6,premium,suburban,2,28924,2,1,1
commercial,275.8,basic,suburban,1,330708,0,0,1
landscaping,186.1,basic,rural,1,18961,2,0,0
house,162.3,basic,suburban,3,233921,1,0,1
renovation,89.6,basic,rural,3,66041,3,0,0
landscaping,200.3,basic,urban,5,51000,2,0,2
landscaping,437.1,standard,rural,5,109977,2,2,0
renovation,68.1,premium,rural,2,70237,3,1,0
house,113.6,standard,rural,1,97588,1,2,0
house,186.0,premium,rural,4,472655,1,1,0
renovation,45.7,standard,rural,3,39623,3,2,0
renovation,39.7,standard,rural,2,28530,3,2,0
house,66.8,basic,urban,3,127010,1,0,2
commercial,674.6,standard,suburban,4,2011810,0,2,1
renovation,186.7,premium,rural,4,274220,3,1,0
commercial,289.1,basic,urban,4,716641,0,0,2
commercial,408.3,premium,suburban,4,1425873,0,1,1
commercial,452.1,premium,urban,3,1720744,0,1,2
commercial,438.7,standard,urban,5,1301425,0,2,2
renovation,117.9,basic,urban,4,158936,3,0,2
landscaping,270.9,premium,rural,3,66175,2,1,0
renovation,104.9,standard,rural,3,86942,3,2,0
commercial,608.7,standard,rural,3,955312,0,2,0
commercial,409.9,basic,urban,2,709407,0,0,2
landscaping,188.2,basic,rural,5,37528,2,0,0
landscaping,363.5,basic,urban,1,56044,2,0,2
landscaping,370.2,standard,urban,4,132496,2,2,2
landscaping,306.6,standard,rural,2,37406,2,2,0
house,206.4,basic,rural,3,254466,1,0,0
landscaping,421.1,basic,urban,5,118032,2,0,2
renovation,57.7,standard,suburban,3,67933,3,2,1
landscaping,345.4,basic,suburban,2,58467,2,0,1
landscaping,249.7,basic,rural,3,37518,2,0,0
house,148.8,premium,suburban,5,558780,1,1,1
renovation,69.9,premium,rural,1,64900,3,1,0
commercial,430.5,premium,urban,5,1912423,0,1,2
landscaping,260.7,basic,suburban,4,40491,2,0,1
landscaping,346.4,basic,rural,2,42339,2,0,0
landscaping,357.2,premium,rural,5,112320,2,1,0
renovation,105.4,premium,rural,1,91186,3,1,0
renovation,158.4,basic,suburban,2,126580,3,0,1
house,156.0,standard,rural,5,242792,1,2,0
landscaping,438.9,premium,suburban,2,112169,2,1,1
landscaping,289.0,premium,suburban,3,83406,2,1,1
commercial,424.9,standard,rural,1,545544,0,2,0
commercial,125.0,premium,urban,2,457815,0,1,2
commercial,254.0,premium,rural,5,864848,0,1,0
house,125.1,standard,urban,1,200391,1,2,2
renovation,53.1,premium,suburban,3,58023,3,1,1
renovation,71.5,premium,rural,4,96624,3,1,0
house,162.7,premium,suburban,4,414594,1,1,1
house,181.6,basic,suburban,5,304049,1,0,1
commercial,853.0,standard,suburban,5,2946114,0,2,1
landscaping,121.9,premium,suburban,1,29455,2,1,1
house,138.5,premium,urban,2,405468,1,1,2
house,217.7,standard,rural,1,183492,1,2,0
landscaping,209.0,basic,suburban,2,32387,2,0,1
commercial,751.9,standard,rural,2,1303377,0,2,0
house,255.6,standard,urban,3,510121,1,2,2
landscaping,394.8,basic,suburban,1,45928,2,0,1
house,145.2,premium,suburban,4,457936,1,1,1
house,37.7,basic,suburban,5,66455,1,0,1
landscaping,264.0,standard,urban,5,98422,2,2,2
renovation,104.8,premium,rural,5,143477,3,1,0
landscaping,302.3,premium,suburban,5,88230,2,1,1
house,243.3,standard,rural,2,325132,1,2,0
commercial,517.4,premium,suburban,2,1109231,0,1,1
renovation,60.0,standard,urban,2,58073,3,2,2
house,158.0,standard,rural,5,239722,1,2,0
landscaping,392.4,premium,suburban,3,132430,2,1,1
landscaping,323.8,standard,urban,4,119075,2,2,2
renovation,85.3,basic,rural,5,82154,3,0,0
renovation,110.5,basic,suburban,1,67854,3,0,1
commercial,697.6,premium,urban,3,3104915,0,1,2
house,128.4,premium,rural,2,163215,1,1,0
landscaping,361.0,premium,urban,1,98156,2,1,2
commercial,587.2,premium,suburban,5,2177097,0,1,1
house,152.8,basic,suburban,2,144617,1,0,1
house,164.2,standard,rural,4,281601,1,2,0
house,209.1,standard,suburban,1,245707,1,2,1
commercial,629.4,premium,suburban,2,1425341,0,1,1
renovation,60.2,premium,urban,5,150136,3,1,2
landscaping,264.2,standard,rural,5,50069,2,2,0
renovation,60.8,standard,suburban,5,100535,3,2,1
commercial,69.4,standard,suburban,3,145328,0,2,1
house,116.9,basic,rural,5,172883,1,0,0
house,148.6,basic,rural,2,155623,1,0,0
commercial,21.1,standard,urban,3,52852,0,2,2
commercial,584.3,basic,suburban,2,909301,0,0,1
house,138.3,premium,urban,1,248241,1,1,2
house,217.9,basic,rural,1,172004,1,0,0
commercial,595.0,basic,rural,2,744828,0,0,0
commercial,671.7,basic,rural,5,1086352,0,0,0
renovation,62.3,premium,suburban,2,88384,3,1,1
renovation,71.3,premium,suburban,3,98753,3,1,1
house,167.2,basic,rural,1,103205,1,0,0
landscaping,347.7,standard,suburban,2,63992,2,2,1
house,142.7,premium,suburban,1,246282,1,1,1
renovation,101.4,premium,rural,5,147630,3,1,0
commercial,325.3,premium,suburban,2,946264,0,1,1
renovation,20.0,basic,suburban,5,23246,3,0,1
house,160.9,basic,suburban,2,209452,1,0,1
renovation,63.3,standard,suburban,3,68601,3,2,1
house,114.4,premium,suburban,3,286588,1,1,1
landscaping,168.8,premium,rural,5,48783,2,1,0
landscaping,197.0,premium,rural,4,50398,2,1,0
house,92.5,standard,suburban,1,110958,1,2,1
house,139.3,standard,suburban,5,192499,1,2,1
commercial,687.7,premium,urban,5,3635773,0,1,2
renovation,58.7,standard,urban,4,92696,3,2,2
landscaping,276.6,basic,suburban,4,52068,2,0,1
commercial,798.6,premium,rural,3,1848231,0,1,0
renovation,46.1,premium,rural,2,53916,3,1,0
landscaping,280.5,standard,suburban,4,70987,2,2,1
renovation,58.1,premium,suburban,4,111463,3,1,1
commercial,650.7,standard,suburban,1,989073,0,2,1
landscaping,217.9,premium,urban,5,121216,2,1,2
landscaping,431.6,premium,rural,2,86198,2,1,0
house,168.1,basic,rural,2,185350,1,0,0
landscaping,291.2,standard,rural,4,53357,2,2,0
house,168.6,basic,urban,4,342331,1,0,2
renovation,80.3,basic,urban,1,56932,3,0,2
house,125.3,basic,urban,1,157847,1,0,2
renovation,74.2,standard,urban,3,113298,3,2,2
landscaping,110.1,basic,suburban,1,12775,2,0,1
renovation,97.4,premium,rural,2,88947,3,1,0
commercial,635.7,basic,suburban,4,1175192,0,0,1
house,79.6,premium,suburban,5,209557,1,1,1
renovation,86.0,basic,suburban,5,98940,3,0,1
landscaping,111.0,premium,suburban,1,26545,2,1,1
landscaping,382.1,standard,rural,3,58340,2,2,0
commercial,708.0,standard,suburban,4,1526099,0,2,1
landscaping,261.4,basic,urban,3,62883,2,0,2
house,153.1,standard,rural,4,256756,1,2,0
commercial,80.8,standard,rural,5,170911,0,2,0
house,246.2,basic,urban,2,394185,1,0,2
renovation,38.9,premium,urban,5,114069,3,1,2
house,63.9,premium,suburban,2,130344,1,1,1
landscaping,283.9,basic,rural,1,25745,2,0,0
landscaping,463.9,standard,suburban,5,101175,2,2,1
landscaping,311.8,premium,urban,5,155518,2,1,2
landscaping,363.1,standard,suburban,4,93824,2,2,1
landscaping,156.8,basic,suburban,1,19527,2,0,1
house,99.2,basic,urban,5,214661,1,0,2
renovation,114.1,basic,suburban,1,86556,3,0,1
landscaping,181.6,standard,rural,4,34527,2,2,0
house,66.0,premium,rural,5,151584,1,1,0
house,86.2,basic,urban,4,183530,1,0,2
renovation,60.5,premium,urban,1,85183,3,1,2
house,98.4,premium,urban,4,364656,1,1,2
house,276.4,premium,urban,2,645744,1,1,2
commercial,362.7,premium,suburban,4,1156225,0,1,1
commercial,652.7,standard,suburban,4,1750381,0,2,1
commercial,379.2,basic,suburban,2,694230,0,0,1
landscaping,240.8,standard,urban,5,87268,2,2,2
renovation,40.4,basic,suburban,3,35332,3,0,1
renovation,84.2,basic,suburban,4,90370,3,0,1
landscaping,110.6,premium,suburban,1,24680,2,1,1
commercial,766.1,standard,urban,4,2361367,0,2,2
house,83.0,basic,suburban,4,121287,1,0,1
renovation,92.3,basic,suburban,3,81298,3,0,1
landscaping,377.3,basic,rural,3,58857,2,0,0
renovation,68.9,premium,rural,2,72329,3,1,0
renovation,59.3,premium,rural,1,55643,3,1,0
house,117.4,premium,rural,5,259999,1,1,0
house,165.0,premium,suburban,4,476339,1,1,1
commercial,605.1,premium,urban,5,2454028,0,1,2
house,195.5,basic,rural,3,179068,1,0,0
commercial,682.0,standard,urban,5,2372205,0,2,2
landscaping,449.5,standard,suburban,2,78615,2,2,1
commercial,211.2,basic,urban,5,619475,0,0,2
house,172.0,standard,urban,3,385771,1,2,2
house,79.2,basic,suburban,3,116889,1,0,1
commercial,367.1,premium,suburban,1,764274,0,1,1
renovation,119.1,standard,urban,1,112655,3,2,2
renovation,58.7,premium,suburban,4,97775,3,1,1
landscaping,259.5,basic,rural,2,33283,2,0,0
commercial,369.0,basic,urban,4,874105,0,0,2
commercial,230.3,standard,urban,4,687635,0,2,2
renovation,20.0,premium,rural,1,18158,3,1,0
renovation,52.6,basic,urban,1,43683,3,0,2
renovation,86.6,standard,rural,3,74878,3,2,0
renovation,53.9,basic,rural,2,39551,3,0,0
landscaping,244.2,basic,rural,4,37325,2,0,0
house,232.6,standard,suburban,2,404617,1,2,1
house,133.4,standard,rural,4,224174,1,2,0
renovation,84.2,standard,rural,5,98449,3,2,0
renovation,55.5,premium,rural,4,52402,3,1,0
house,256.0,standard,rural,4,431750,1,2,0
commercial,509.1,standard,rural,1,603482,0,2,0
renovation,45.7,standard,urban,1,47856,3,2,2
house,129.3,standard,suburban,2,214081,1,2,1
commercial,189.4,premium,suburban,4,547043,0,1,1
commercial,487.8,premium,rural,1,825166,0,1,0
house,137.0,standard,urban,3,310249,1,2,2
landscaping,228.1,basic,urban,3,52974,2,0,2
renovation,64.1,premium,rural,2,62708,3,1,0
landscaping,386.5,basic,urban,5,123023,2,0,2
house,111.0,premium,urban,2,280998,1,1,2
renovation,96.5,basic,suburban,5,125268,3,0,1
landscaping,327.1,basic,urban,3,67015,2,0,2
house,166.7,basic,urban,2,272969,1,0,2
house,79.6,basic,rural,4,115305,1,0,0
landscaping,476.6,basic,urban,3,115199,2,0,2
renovation,51.1,basic,rural,1,21397,3,0,0
commercial,474.6,premium,suburban,4,1357903,0,1,1
commercial,632.1,standard,urban,2,1457281,0,2,2
commercial,392.8,standard,suburban,1,554521,0,2,1
landscaping,483.8,basic,rural,3,65840,2,0,0
renovation,113.7,premium,rural,3,135434,3,1,0
renovation,79.2,premium,urban,4,218013,3,1,2
renovation,66.5,premium,urban,4,171450,3,1,2
landscaping,366.4,standard,suburban,4,86214,2,2,1
house,141.4,basic,urban,4,255842,1,0,2
renovation,85.2,standard,suburban,3,90798,3,2,1
house,170.9,premium,suburban,4,458832,1,1,1
house,139.9,standard,suburban,2,204934,1,2,1
renovation,29.5,basic,suburban,1,17569,3,0,1
house,164.1,basic,urban,2,290721,1,0,2
landscaping,263.3,basic,rural,5,51770,2,0,0
house,219.7,standard,suburban,4,405918,1,2,1
commercial,382.3,standard,suburban,4,1002139,0,2,1
house,71.2,standard,suburban,2,115116,1,2,1
commercial,356.8,premium,rural,2,787095,0,1,0
renovation,118.0,basic,suburban,1,74213,3,0,1
renovation,79.9,standard,suburban,4,99652,3,2,1
house,141.2,premium,rural,1,219654,1,1,0
commercial,740.8,basic,suburban,4,1519501,0,0,1
commercial,732.2,standard,suburban,4,1680658,0,2,1
renovation,80.2,basic,rural,4,71768,3,0,0
commercial,398.8,premium,rural,4,1088091,0,1,0
